,guess,score,left_offset,top_offset
0,Kxcwerd,2530,-2,12
1,Ikzalczrd,2545,-2,12
2,Kzalczrd,2742,0,12
3,Kxcwerdr,2746,-2,12
4,Gzalczrd,2754,-1,12
5,Ikzalczrdr,2761,-2,12
6,Katzlerd,2777,0,12
7,Kzaflerd,2787,0,12
8,Gatzlerd,2789,-1,12
9,Gzaflerd,2799,-1,12
10,Kzczlerd,2827,0,12
11,Kxcwerda,2852,-2,12
12,Ikzalczrda,2867,-2,12
13,Gbdczrd,2883,1,12
14,Kxcwerde,2884,-2,12
15,Ikzalczrde,2899,-2,12
16,Ikatzzrti,2924,-2,12
17,Gsczzrti,2928,-2,12
18,Kzalczrdr,2958,0,12
19,Kxcwerdif,2965,-2,12
20,Kxcwerdit,2965,-2,12
21,Gzalczrdr,2970,-1,12
22,Ikzalczrdif,2980,-2,12
23,Ikzalczrdit,2980,-2,12
24,Ikatzzrtnv,2988,-2,12
25,Gsczzrtnv,2992,-2,12
26,Katzlerdr,2993,0,12
27,Gblzlerd,2994,1,12
28,Kxcwerds,2996,-2,12
29,Gbsczrd,2996,1,12
30,Kzaflerdr,3003,0,12
31,Gatzlerdr,3005,-1,12
32,Ikzalczrds,3011,-2,12
33,Kxltzzrtnv,3013,-2,12
34,Gzaflerdr,3015,-1,12
35,Ikatlubolo,3018,-2,12
36,Kxnzzrtnv,3020,-2,12
37,Gsclubolo,3022,-2,12
38,Ikatluotnv,3022,-2,12
39,Gscluotnv,3026,-2,12
40,Ikzczzrtnv,3038,-2,12
41,Gbdcztd,3040,1,12
42,Kxltlubolo,3043,-2,12
43,Kzczlerdr,3043,0,12
44,Ikatluoelo,3044,-2,12
45,Katllbns,3044,0,12
46,Kxcwerdlt,3046,-2,12
47,Kxltluotnv,3047,-2,12
48,Gscluoelo,3048,-2,12
49,Kxcwerdm,3049,-2,12
50,Kxcwerdn,3049,-2,12
51,Kxnlubolo,3050,-2,12
52,Ilietelxxx,3050,-2,13
53,Icetelxxx,3051,-2,13
54,Gatllbns,3056,-1,12
55,Ikzalczrdlt,3061,-2,12
56,Ikzalczrdm,3064,-2,12
57,Ikzalczrdn,3064,-2,12
58,Ikatzzrtio,3064,-2,12
59,Kzalczrda,3064,0,12
60,Gsczzrtio,3068,-2,12
61,Katzbns,3071,0,12
62,Aairfllzulv,3073,-1,11
63,Gzalczrda,3076,-1,12
64,Ikatlubof,3079,-2,12
65,Ikatzzrtir,3083,-2,12
66,Gsclubof,3083,-2,12
67,Gatzbns,3083,-1,12
68,Ikatzzrtnc,3084,-2,12
69,Kxcwerdd,3086,-2,12
70,Gsczzrtir,3087,-2,12
71,Gsczzrtnc,3088,-2,12
72,Gudrllzulv,3090,-1,11
73,Kzcllbns,3094,0,12
74,Kzalczrde,3096,0,12
75,Sscllbns,3099,-1,12
76,Katzlerda,3099,0,12
77,Gbdczrdr,3099,1,12
78,Ikzalczrdd,3101,-2,12
79,Kxltlubof,3104,-2,12
80,Ikatluoef,3105,-2,12
81,Gzalczrde,3108,-1,12
82,Gscluoef,3109,-2,12
83,Kxltzzrtnc,3109,-2,12
84,Kzaflerda,3109,0,12
85,Kxnlubof,3111,-2,12
86,Aairfrratu,3111,-1,11
87,Gatzlerda,3111,-1,12
88,Ikatzzrtom,3114,-2,12
89,Kxnzzrtnc,3116,-2,12
90,Ikatluotnc,3118,-2,12
91,Gsczzrtom,3118,-2,12
92,Gvdrllzulv,3119,-1,11
93,Aairfllzul,3121,-1,11
94,Gzaflerda,3121,-1,12
95,Katzzrti,3121,0,12
96,Gscluotnc,3122,-2,12
97,Gudrrratu,3128,-1,11
98,Katzlerde,3131,0,12
99,Gatzzrti,3133,-1,12
100,Ikzczzrtnc,3134,-2,12
101,Kxcwerdw,3136,-2,12
102,Gudrllzul,3138,-1,11
103,Ikatlubolz,3139,-2,12
104,Kxltzzrtom,3139,-2,12
105,Kzaflerde,3141,0,12
106,Kxcwerdl,3142,-2,12
107,Kxcwerdiv,3142,-2,12
108,Kxltluotnc,3143,-2,12
109,Gsclubolz,3143,-2,12
110,Gatzlerde,3143,-1,12
111,Kxnzzrtom,3146,-2,12
112,Ikatluotom,3148,-2,12
113,Kzczlerda,3149,0,12
114,Ikzalczrdw,3151,-2,12
115,Gscluotom,3152,-2,12
116,Gzaflerde,3153,-1,12
117,Ilietelxdt,3155,-2,13
118,Katluoti,3155,0,12
119,Icetelxdt,3156,-2,13
120,Ikzalczrdiv,3157,-2,12
121,Ikzalczrdl,3157,-2,12
122,Gvdrrratu,3157,-1,11
123,Ilietelxxxr,3158,-2,13
124,Icetelxxxr,3159,-2,13
125,Ikatlubofr,3160,-2,12
126,Aaruuzulv,3162,-1,11
127,Ikzczzrtom,3164,-2,12
128,Kxltlubolz,3164,-2,12
129,Gsclubofr,3164,-2,12
130,Ikatluoelz,3165,-2,12
131,Ikatlubolc,3165,-2,12
132,Xetelxxx,3165,-1,13
133,Gvdrllzul,3167,-1,11
134,Gatluoti,3167,-1,12
135,Irllaelxxx,3168,-2,13
136,Gscluoelz,3169,-2,12
137,Gsclubolc,3169,-2,12
138,Ikatzzrtnz,3170,-2,12
139,Ilietelxxxn,3170,-2,13
140,Ilietelxxxm,3170,-2,13
141,Kxnlubolz,3171,-2,12
142,Icetelxxxn,3171,-2,13
143,Icetelxxxm,3171,-2,13
144,Kzczzrti,3171,0,12
145,Kxltluotom,3173,-2,12
146,Gsczzrtnz,3174,-2,12
147,Ikatzzrtirv,3177,-2,12
148,Kzalczrdif,3177,0,12
149,Kzalczrdit,3177,0,12
150,Kxnluotom,3180,-2,12
151,Gsczzrtirv,3181,-2,12
152,Kzczlerde,3181,0,12
153,Kxltlubofr,3185,-2,12
154,Katzzrtnv,3185,0,12
155,Ikatluoefr,3186,-2,12
156,Ilietelxtxo,3186,-2,13
157,Icetelxtxo,3187,-2,13
158,Gzalczrdit,3189,-1,12
159,Gzalczrdif,3189,-1,12
160,Kzalczrc,3189,0,12
161,Gscluoefr,3190,-2,12
162,Kxltlubolc,3190,-2,12
163,Ikatluoelc,3191,-2,12
164,Kxnlubofr,3192,-2,12
165,Kxltzzrtnz,3195,-2,12
166,Gscluoelc,3195,-2,12
167,Ikatlubofw,3196,-2,12
168,Kxnlubolc,3197,-2,12
169,Gatzzrtnv,3197,-1,12
170,Kxcwerdlc,3200,-2,12
171,Gsclubofw,3200,-2,12
172,Kxcwerdlo,3200,-2,12
173,Ikatzzrtov,3201,-2,12
174,Ikatzzrtox,3201,-2,12
175,Gbdczrda,3205,1,12
176,Aairfllzulw,3208,-1,11
177,Kzalczrds,3208,0,12
178,Aaruuzul,3210,-1,11
179,Gblzlerdr,3210,1,12
180,Katzlerdit,3212,0,12
181,Katzlerdif,3212,0,12
182,Gbsczrdr,3212,1,12
183,Katlubolo,3215,0,12
184,Aarlrrratu,3218,-1,11
185,Katluotnv,3219,0,12
186,Gzalczrds,3220,-1,12
187,Icuieertx,3222,-2,13
188,Kzaflerdif,3222,0,12
189,Kzaflerdit,3222,0,12
190,Gatzlerdif,3224,-1,12
191,Gatzlerdit,3224,-1,12
192,Gudrllzulw,3225,-1,11
193,Gatlubolo,3227,-1,12
194,Aairfrratd,3231,-1,11
195,Gatluotnv,3231,-1,12
196,Icuieenvrw,3234,-2,13
197,Aairfrrako,3234,-1,11
198,Aairfrrakc,3234,-1,11
199,Gzaflerdif,3234,-1,12
200,Gzaflerdit,3234,-1,12
201,Kzczzrtnv,3235,0,12
202,Gbdczrde,3237,1,12
203,Ilieteltvx,3239,-2,13
204,Aaxurratu,3239,-1,11
205,Iceteltvx,3240,-2,13
206,Ssczzrtnv,3240,-1,12
207,Katluoelo,3241,0,12
208,Katzlerds,3243,0,12
209,Ilietelxtwo,3245,-2,13
210,Ilietelxtwd,3245,-2,13
211,Icetelxtwd,3246,-2,13
212,Icetelxtwo,3246,-2,13
213,Gzczzrtnv,3247,-1,12
214,Gudrrratd,3248,-1,11
215,Gudrrrako,3251,-1,11
216,Gudrrrakc,3251,-1,11
217,Aairfrraks,3252,-1,11
218,Gatluoelo,3253,-1,12
219,Kzaflerds,3253,0,12
220,Gvdrllzulw,3254,-1,11
221,Gatzlerds,3255,-1,12
222,Gbdcztdr,3256,1,12
223,Kzalczrdlt,3258,0,12
224,Katllbnsr,3260,0,12
225,Katzzrtio,3261,0,12
226,Kzalczrdm,3261,0,12
227,Kzalczrdn,3261,0,12
228,Gblllbns,3261,1,12
229,Kzczlerdif,3262,0,12
230,Kzczlerdit,3262,0,12
231,Iiewrllzulv,3263,-2,11
232,Ilietelxdtr,3263,-2,13
233,Icetelxdtr,3264,-2,13
234,Gzaflerds,3265,-1,12
235,Kzclubolo,3265,0,12
236,Ilietelxxxlb,3269,-2,13
237,Ilietelxxxlh,3269,-2,13
238,Ilietelxxxlk,3269,-2,13
239,Gudrrraks,3269,-1,11
240,Kzcluotnv,3269,0,12
241,Icetelxxxlk,3270,-2,13
242,Icetelxxxlb,3270,-2,13
243,Icetelxxxlh,3270,-2,13
244,Ssclubolo,3270,-1,12
245,Gzalczrdlt,3270,-1,12
246,Xetelxdt,3270,-1,13
247,Kdtzzrtnv,3270,0,12
248,Gezlzixulv,3272,-1,11
249,Gatllbnsr,3272,-1,12
250,Irllaelxdt,3273,-2,13
251,Gatzzrtio,3273,-1,12
252,Gzalczrdm,3273,-1,12
253,Gzalczrdn,3273,-1,12
254,Xetelxxxr,3273,-1,13
255,Sscluotnv,3274,-1,12
256,Ilietelxdtm,3275,-2,13
257,Ilietelxdtn,3275,-2,13
258,Icetelxdtn,3276,-2,13
259,Irllaelxxxr,3276,-2,13
260,Icetelxdtm,3276,-2,13
261,Katlubof,3276,0,12
262,Gvdrrratd,3277,-1,11
263,Gzclubolo,3277,-1,12
264,Gvdrrrakc,3280,-1,11
265,Gvdrrrako,3280,-1,11
266,Katzzrtir,3280,0,12
267,Katzzrtnc,3281,0,12
268,Aairfllzule,3282,-1,11
269,Xetelxxxm,3285,-1,13
270,Xetelxxxn,3285,-1,13
271,Katzbnsr,3287,0,12
272,Irllaelxxxm,3288,-2,13
273,Irllaelxxxn,3288,-2,13
274,Ilietelxtu,3288,-2,13
275,Gatlubof,3288,-1,12
276,Gblzbns,3288,1,12
277,Icetelxtu,3289,-2,13
278,Kzcluoelo,3291,0,12
279,Aairfllzak,3292,-1,11
280,Gatzzrtir,3292,-1,12
281,Gatzzrtnc,3293,-1,12
282,Kzczlerds,3293,0,12
283,Katzlerdlt,3293,0,12
284,Icuieertz,3294,-2,13
285,Katluotio,3295,0,12
286,Sscluoelo,3296,-1,12
287,Katzlerdn,3296,0,12
288,Katzlerdm,3296,0,12
289,Icuieenvr,3297,-2,13
290,Aaruuzulw,3297,-1,11
291,Kzalczrcn,3297,0,12
292,Gvdrrraks,3298,-1,11
293,Kzalczrdd,3298,0,12
294,Gudrllzule,3299,-1,11
295,Gatzbnsr,3299,-1,12
296,Kdtlubolo,3300,0,12
297,Iiewrrratu,3301,-2,11
298,Xetelxtxo,3301,-1,13
299,Aairfllzult,3302,-1,11
300,Katluoef,3302,0,12
301,Gzcluoelo,3303,-1,12
302,Kzaflerdlt,3303,0,12
303,Irllaelxtxo,3304,-2,13
304,Gatzlerdlt,3305,-1,12
305,Kzaflerdm,3306,0,12
306,Kzaflerdn,3306,0,12
307,Gatluotio,3307,-1,12
308,Gatzlerdm,3308,-1,12
309,Gatzlerdn,3308,-1,12
310,Gudrllzak,3309,-1,11
311,Gzalczrdd,3310,-1,12
312,Kzcllbnsr,3310,0,12
313,Iiewrllzul,3311,-2,11
314,Katzzrtom,3311,0,12
315,Kzczzrtio,3311,0,12
316,Gatluoef,3314,-1,12
317,Katluotir,3314,0,12
318,Gzaflerdlt,3315,-1,12
319,Sscllbnsr,3315,-1,12
320,Katluotnc,3315,0,12
321,Gblzlerda,3316,1,12
322,Jrairfllzulv,3317,-2,11
323,Gzaflerdn,3318,-1,12
324,Gzaflerdm,3318,-1,12
325,Gbdczrdif,3318,1,12
326,Gbdczrdit,3318,1,12
327,Gbsczrda,3318,1,12
328,Gudrllzult,3319,-1,11
329,Gezlzixul,3320,-1,11
330,Gatzzrtom,3323,-1,12
331,Gatluotir,3326,-1,12
332,Kudrllzulv,3326,0,11
333,Kzclubof,3326,0,12
334,Gbdczrs,3326,1,12
335,Gatluotnc,3327,-1,12
336,Gvdrllzule,3328,-1,11
337,Icuieertxr,3330,-2,13
338,Kzczzrtir,3330,0,12
339,Gbdczrc,3330,1,12
340,Ssclubof,3331,-1,12
341,Kzczzrtnc,3331,0,12
342,Aairfrrakd,3333,-1,11
343,Katzlerdd,3333,0,12
344,Ssczzrtnc,3336,-1,12
345,Katlubolz,3336,0,12
346,Aairfrraf,3337,-1,11
347,Gvdrllzak,3338,-1,11
348,Aarlrrratd,3338,-1,11
349,Gzclubof,3338,-1,12
350,Gblzzrti,3338,1,12
351,Aarlrrrako,3341,-1,11
352,Aarlrrrakc,3341,-1,11
353,Icuieertxn,3342,-2,13
354,Icuieertxm,3342,-2,13
355,Gzczzrtnc,3343,-1,12
356,Kzczlerdlt,3343,0,12
357,Kzaflerdd,3343,0,12
358,Gatzlerdd,3345,-1,12
359,Gxdrllzulv,3345,0,11
360,Katluotom,3345,0,12
361,Kzczlerdm,3346,0,12
362,Kzczlerdn,3346,0,12
363,Ilieteltvxr,3347,-2,13
364,Iceteltvxr,3348,-2,13
365,Gvdrllzult,3348,-1,11
366,Gatlubolz,3348,-1,12
367,Kzalczrdw,3348,0,12
368,Gblzlerde,3348,1,12
369,Ilietelxov,3349,-2,13
370,Gbdczrds,3349,1,12
371,Gudrrrakd,3350,-1,11
372,Gbsczrde,3350,1,12
373,Kzcluoef,3352,0,12
374,Gudrrraf,3354,-1,11
375,Xeteltvx,3354,-1,13
376,Kzalczrdl,3354,0,12
377,Kzalczrdiv,3354,0,12
378,Jrairfrratu,3355,-2,11
379,Gzaflerdd,3355,-1,12
380,Kvdrllzulv,3355,0,11
381,Gatluotom,3357,-1,12
382,Sscluoef,3357,-1,12
383,Xetelxda,3357,-1,13
384,Katlubofr,3357,0,12
385,Ilieteltvxn,3359,-2,13
386,Ilieteltvxm,3359,-2,13
387,Aaxurratd,3359,-1,11
388,Aarlrrraks,3359,-1,11
389,Iceteltvxn,3360,-2,13
390,Iceteltvxm,3360,-2,13
391,Gzalczrdw,3360,-1,12
392,Xetelxtwd,3360,-1,13
393,Xetelxtwo,3360,-1,13
394,Iiewfllzulv,3361,-2,11
395,Aairfllzalv,3361,-1,11
396,Kdtlubof,3361,0,12
397,Kzczzrtom,3361,0,12
398,Ilietelxtwe,3362,-2,13
399,Aaxurrako,3362,-1,11
400,Aaxurrakc,3362,-1,11
401,Katluoelz,3362,0,12
402,Katlubolc,3362,0,12
403,Gbdcztda,3362,1,12
404,Irllaelxtwd,3363,-2,13
405,Icetelxtwe,3363,-2,13
406,Irllaelxtwo,3363,-2,13
407,Gzcluoef,3364,-1,12
408,Kudrrratu,3364,0,11
409,Jrairfllzul,3365,-2,11
410,Kzcluotnc,3365,0,12
411,Gzalczrdl,3366,-1,12
412,Gzalczrdiv,3366,-1,12
413,Ssczzrtom,3366,-1,12
414,Kdtzzrtnc,3366,0,12
415,Katllbnsa,3366,0,12
416,Katzzrtnz,3367,0,12
417,Gatlubofr,3369,-1,12
418,Sscluotnc,3370,-1,12
419,Aaruuzule,3371,-1,11
420,Gblluoti,3372,1,12
421,Gzczzrtom,3373,-1,12
422,Ilietelxdtlh,3374,-2,13
423,Ilietelxdtlk,3374,-2,13
424,Ilietelxdtlb,3374,-2,13
425,Gatlubolc,3374,-1,12
426,Gatluoelz,3374,-1,12
427,Kudrllzul,3374,0,11
428,Katzzrtirv,3374,0,12
429,Icetelxdtlh,3375,-2,13
430,Icetelxdtlb,3375,-2,13
431,Icetelxdtlk,3375,-2,13
432,Gudrllzalv,3378,-1,11
433,Gatllbnsa,3378,-1,12
434,Xetelxdtr,3378,-1,13
435,Gvdrrrakd,3379,-1,11
436,Gatzzrtnz,3379,-1,12
437,Ilietelxoer,3380,-2,13
438,Aaxurraks,3380,-1,11
439,Icetelxoer,3381,-2,13
440,Irllaelxdtr,3381,-2,13
441,Aaruuzak,3381,-1,11
442,Gbdczrx,3382,1,12
443,Gvdrrraf,3383,-1,11
444,Gxdrrratu,3383,0,11
445,Katzlerdw,3383,0,12
446,Kzczlerdd,3383,0,12
447,Katluoefr,3383,0,12
448,Xetelxxxlk,3384,-1,13
449,Xetelxxxlb,3384,-1,13
450,Xetelxxxlh,3384,-1,13
451,Gatzzrtirv,3386,-1,12
452,Kzclubolz,3386,0,12
453,Irllaelxxxlh,3387,-2,13
454,Irllaelxxxlk,3387,-2,13
455,Irllaelxxxlb,3387,-2,13
456,Katluoelc,3388,0,12
457,Katzlerdiv,3389,0,12
458,Katzlerdl,3389,0,12
459,Aairfrraoa,3390,-1,11
460,Aairfllzulx,3390,-1,11
461,Xetelxdtm,3390,-1,13
462,Xetvlxxx,3390,-1,13
463,Xetelxdtn,3390,-1,13
464,Aaruuzult,3391,-1,11
465,Ssclubolz,3391,-1,12
466,Irllaelxdtn,3393,-2,13
467,Irllaelxdtm,3393,-2,13
468,Gxdrllzul,3393,0,11
469,Kvdrrratu,3393,0,11
470,Gbdcztde,3394,1,12
471,Gatzlerdw,3395,-1,12
472,Gatluoefr,3395,-1,12
473,Xtaelxxx,3395,-1,13
474,Ilietelxtur,3396,-2,13
475,Icetelxtur,3397,-2,13
476,Aairfllzuk,3397,-1,11
477,Iiewrllzulw,3398,-2,11
478,Gzclubolz,3398,-1,12
479,Iiewfrratu,3399,-2,11
480,Gbdczrdlt,3399,1,12
481,Gatluoelc,3400,-1,12
482,Sscluotom,3400,-1,12
483,Iioaelxxx,3400,-1,13
484,Ilietelxxxlt,3401,-2,13
485,Ilietelxoed,3401,-2,13
486,Gatzlerdiv,3401,-1,12
487,Gatzlerdl,3401,-1,12
488,Icetelxxxlt,3402,-2,13
489,Icuieertzr,3402,-2,13
490,Icetelxoed,3402,-2,13
491,Gbdczrdm,3402,1,12
492,Gblzzrtnv,3402,1,12
493,Gbdczrdn,3402,1,12
494,Xetelxtu,3403,-1,13
495,Kvdrllzul,3403,0,11
496,Gzaflerdw,3405,-1,12
497,Gatzbnsa,3405,-1,12
498,Gatlubofw,3405,-1,12
499,Gezlzixulw,3407,-1,11
500,Gvdrllzalv,3407,-1,11
501,Gudrrraoa,3407,-1,11
502,Gudrllzulx,3407,-1,11
503,Gzcluotom,3407,-1,12
504,Ilietelxtun,3408,-2,13
505,Ilietelxtum,3408,-2,13
506,Gdtzzrtom,3408,-1,12
507,Iiewfllzul,3409,-2,11
508,Icetelxtun,3409,-2,13
509,Icetelxtum,3409,-2,13
510,Aairfllzal,3409,-1,11
511,Gatzzrtox,3410,-1,12
512,Gatzzrtov,3410,-1,12
513,Gatllbnse,3410,-1,12
514,Gzaflerdiv,3411,-1,12
515,Gzaflerdl,3411,-1,12
516,Gatzzrtirx,3412,-1,12
517,Icuieertzm,3414,-2,13
518,Icuieertzn,3414,-2,13
519,Gudrllzuk,3414,-1,11
520,Gblzzrtz,3415,1,12
521,Icuieenvm,3418,-2,13
522,Aairfrrala,3420,-1,11
523,Iiewrrratd,3421,-2,11
524,Ilietelxoex,3423,-2,13
525,Iiewrrrakc,3424,-2,11
526,Iiewrrrako,3424,-2,11
527,Icetelxoex,3424,-2,13
528,Icuieenvn,3426,-2,13
529,Aairfrrat,3426,-1,11
530,Gudrllzal,3426,-1,11
531,Yetelxxx,3426,-1,13
532,Xeteltvz,3426,-1,13
533,Gblzlerdif,3429,1,12
534,Gblzlerdit,3429,1,12
535,Gbsczrdif,3431,1,12
536,Gbsczrdit,3431,1,12
537,Gbllubolo,3432,1,12
538,Icuieenvh,3433,-2,13
539,Ilietelxtws,3434,-2,13
540,Icetelxtws,3435,-2,13
541,Gvdrllzulx,3436,-1,11
542,Gvdrrraoa,3436,-1,11
543,Gblluotnv,3436,1,12
544,Gudrrrala,3437,-1,11
545,Gbdczrcn,3438,1,12
546,Gbdczrdd,3439,1,12
547,Aarlrrrakd,3440,-1,11
548,Icuieertxlk,3441,-2,13
549,Icuieertxlh,3441,-2,13
550,Icuieertxlb,3441,-2,13
551,Iiewrrraks,3442,-2,11
552,Gudrrrat,3443,-1,11
553,Aarlrrraf,3444,-1,11
554,Ilietelxtxx,3449,-2,13
555,Icetelxtxx,3450,-2,13
556,Aaruuzalv,3450,-1,11
557,Iliatelxtwo,3451,-2,13
558,Iliatelxtwd,3451,-2,13
559,Jrairfllzulw,3452,-2,11
560,Jiuzzzixulv,3454,-2,11
561,Gvdrllzal,3455,-1,11
562,Ilieteltvxlk,3458,-2,13
563,Ilieteltvxlh,3458,-2,13
564,Ilieteltvxlb,3458,-2,13
565,Gblluoelo,3458,1,12
566,Aairfrraos,3459,-1,11
567,Gblzlerds,3460,1,12
568,Aaxurrakd,3461,-1,11
569,Kudrllzulw,3461,0,11
570,Jrarlrrratu,3462,-2,11
571,Xeteltvxr,3462,-1,13
572,Gbsczrds,3462,1,12
573,Aairfllzuli,3463,-1,11
574,Xetelxov,3464,-1,13
575,Aaxurraf,3465,-1,11
576,Gvdrrrala,3466,-1,11
577,Aairfrratv,3467,-1,11
578,Iiewrllzule,3472,-2,11
579,Gvdrrrat,3472,-1,11
580,Iiewrllzix,3473,-2,11
581,Jiuzzaied,3473,-2,11
582,Xeteltvxm,3474,-1,13
583,Xeteltvxn,3474,-1,13
584,Jrairfrratd,3475,-2,11
585,Gbdcztdif,3475,1,12
586,Gbdcztdit,3475,1,12
587,Gudrrraos,3476,-1,11
588,Aairfrraoe,3476,-1,11
589,Xetelxtwe,3477,-1,13
590,Gblllbnsr,3477,1,12
591,Jrairfrrakc,3478,-2,11
592,Jrairfrrako,3478,-2,11
593,Gblzzrtio,3478,1,12
594,Aaruuzulx,3479,-1,11
595,Gudrllzuli,3480,-1,11
596,Gxdrllzulw,3480,0,11
597,Gezlzixule,3481,-1,11
598,Iiewrllzak,3482,-2,11
599,Gudrrratv,3484,-1,11
600,Kudrrratd,3484,0,11
601,Gezlarxixe,3486,-1,11
602,Gezlarxio,3487,-1,11
603,Kudrrrako,3487,0,11
604,Kudrrrakc,3487,0,11
605,Aairfllzulr,3489,-1,11
606,Xetelxdtlk,3489,-1,13
607,Xetelxdtlh,3489,-1,13
608,Xetelxdtlb,3489,-1,13
609,Gbdczrdw,3489,1,12
610,Aairfrrxbx,3490,-1,11
611,Kvdrllzulw,3490,0,11
612,Gbdczrxn,3490,1,12
613,Iietelxxx,3490,1,13
614,Iiewrllzult,3492,-2,11
615,Aairfllzab,3492,-1,11
616,Gezlarxixo,3492,-1,11
617,Gudrrraoe,3493,-1,11
618,Gbllubof,3493,1,12
619,Xetelxoer,3495,-1,13
620,Gbdczrdiv,3495,1,12
621,Gbdczrdl,3495,1,12
622,Jrairfrraks,3496,-2,11
623,Iiewfllzulw,3496,-2,11
624,Aairfllzalw,3496,-1,11
625,Gblzzrtir,3497,1,12
626,Xetvlxxxr,3498,-1,13
627,Gblzzrtnc,3498,1,12
628,Juznbsutu,3501,-2,11
629,Jiuzzzixul,3502,-2,11
630,Xtaelxxxr,3503,-1,13
631,Gxdrrratd,3503,0,11
632,Gblzbnsr,3504,1,12
633,Kudrrraks,3505,0,11
634,Gxdrrrako,3506,0,11
635,Gxdrrrakc,3506,0,11
636,Gbdcztds,3506,1,12
637,Lszzzixulv,3508,-2,11
638,Iioaelxxxr,3508,-1,13
639,Kezlzixulv,3508,0,11
640,Xetvlxxxm,3510,-1,13
641,Xetvlxxxn,3510,-1,13
642,Gblzlerdlt,3510,1,12
643,Iwzzzixulv,3511,-2,11
644,Xetelxtur,3511,-1,13
645,Gbsczrdlt,3512,1,12
646,Gblluotio,3512,1,12
647,Kvdrrratd,3513,0,11
648,Gblzlerdm,3513,1,12
649,Gblzlerdn,3513,1,12
650,Xtaelxxxn,3515,-1,13
651,Xtaelxxxm,3515,-1,13
652,Gbsczrdn,3515,1,12
653,Gbsczrdm,3515,1,12
654,Xetelxoed,3516,-1,13
655,Xetelxxxlt,3516,-1,13
656,Kvdrrrako,3516,0,11
657,Kvdrrrakc,3516,0,11
658,Jietelxxx,3518,0,13
659,Iiewfrratd,3519,-2,11
660,Gblluoef,3519,1,12
661,Iioaelxxxm,3520,-1,13
662,Iioaelxxxn,3520,-1,13
663,Iiewfrrakc,3522,-2,11
664,Iiewfrrako,3522,-2,11
665,Xetelztxo,3522,-1,13
666,Iiewrrrakd,3523,-2,11
667,Xetelxtum,3523,-1,13
668,Xetelxtun,3523,-1,13
669,Gxdrrraks,3524,0,11
670,Jrairfllzule,3526,-2,11
671,Xetvlxtxo,3526,-1,13
672,Iiewrrraf,3527,-2,11
673,Kezlaied,3527,0,11
674,Gblzzrtom,3528,1,12
675,Xtaelxtxo,3531,-1,13
676,Gblluotir,3531,1,12
677,Gbxubolo,3531,1,12
678,Gblluotnc,3532,1,12
679,Yetelxxxr,3534,-1,13
680,Xeteltvzr,3534,-1,13
681,Kvdrrraks,3534,0,11
682,Kudrllzule,3535,0,11
683,Gbxuotnv,3535,1,12
684,Jrairfllzak,3536,-2,11
685,Iioaelxtxo,3536,-1,13
686,Kudrllzix,3536,0,11
687,Gblzzrtbr,3536,1,12
688,Xetelxoex,3538,-1,13
689,Iiewfrraks,3540,-2,11
690,Gbdczrsr,3542,1,12
691,Kudrllzak,3545,0,11
692,Jrairfllzult,3546,-2,11
693,Yetelxxxn,3546,-1,13
694,Xeteltvzm,3546,-1,13
695,Xeteltvzn,3546,-1,13
696,Yetelxxxm,3546,-1,13
697,Xetelxtws,3549,-1,13
698,Gblzlerdd,3550,1,12
699,Iiewrllzalv,3551,-2,11
700,Gbsczrdd,3552,1,12
701,Gbdczrdlo,3553,1,12
702,Gbllubolz,3553,1,12
703,Gbdczrdlc,3553,1,12
704,Gxdrllzule,3554,0,11
705,Gxdrllzix,3555,0,11
706,Kudrllzult,3555,0,11
707,Lszzzixul,3556,-2,11
708,Kezlzixul,3556,0,11
709,Gbdcztdlt,3556,1,12
710,Gbxuoelo,3557,1,12
711,Iwzzzixul,3559,-2,11
712,Gbdcztdn,3559,1,12
713,Gbdcztdm,3559,1,12
714,Xetelttao,3560,-1,13
715,Yetelxtxo,3562,-1,13
716,Gblluotom,3562,1,12
717,Xetelxtxx,3564,-1,13
718,Gxdrllzak,3564,0,11
719,Kvdrllzule,3564,0,11
720,Kvdrllzix,3565,0,11
721,Iiewfllzule,3570,-2,11
722,Gbdczrdlv,3572,1,12
723,Xeteltvxlb,3573,-1,13
724,Xeteltvxlh,3573,-1,13
725,Xeteltvxlk,3573,-1,13
726,Kvdrllzak,3574,0,11
727,Gxdrllzult,3574,0,11
728,Gbllubofr,3574,1,12
729,Jrairfrrakd,3577,-2,11
730,Xetelxdtx,3578,-1,13
731,Gblluoelz,3579,1,12
732,Gbllubolc,3579,1,12
733,Iiewrrraoa,3580,-2,11
734,Iiewrllzulx,3580,-2,11
735,Jrairfrraf,3581,-2,11
736,Xetelztwd,3581,-1,13
737,Xetelztwo,3581,-1,13
738,Jrarlrrratd,3582,-2,11
739,Gbtlzxslo,3582,1,12
740,Gblllbnsa,3583,1,12
741,Kvdrllzult,3584,0,11
742,Gblzzrtnz,3584,1,12
743,Jrarlrrrako,3585,-2,11
744,Jrarlrrrakc,3585,-2,11
745,Xetvlxtwo,3585,-1,13
746,Xetvlxtwd,3585,-1,13
747,Xetelxtwf,3586,-1,13
748,Kudrrrakd,3586,0,11
749,Iewrllzulv,3586,1,11
750,Iiewrllzuk,3587,-2,11
751,Xetelxoe,3588,-1,13
752,Jiuzzzixulw,3589,-2,11
753,Iiewfllzult,3590,-2,11
754,Xtaelxtwo,3590,-1,13
755,Xtaelxtwd,3590,-1,13
756,Kudrrraf,3590,0,11
757,Gblzzrtirv,3591,1,12
758,Gbxubof,3592,1,12
759,Iiewrllzixu,3593,-2,11
760,Jiuzzaiedu,3593,-2,11
761,Iioaelxtwd,3595,-1,13
762,Iioaelxtwo,3595,-1,13
763,Iietelxdt,3595,1,13
764,Gbdcztdd,3596,1,12
765,Iietelxxxr,3598,1,13
766,Iiewrllzal,3599,-2,11
767,Xetelxdat,3600,-1,13
768,Gblluoefr,3600,1,12
769,Gblzlerdw,3600,1,12
770,Gbsczrdw,3602,1,12
771,Jrarlrrraks,3603,-2,11
772,Jrairfllzalv,3605,-2,11
773,Gxdrrrakd,3605,0,11
774,Gblluoelc,3605,1,12
775,Gblzlerdiv,3606,1,12
776,Gblzlerdl,3606,1,12
777,Gbsczrdiv,3608,1,12
778,Gbsczrdl,3608,1,12
779,Gbdczrdx,3608,1,12
780,Xetelxxxim,3609,-1,13
781,Xetvlxxxlk,3609,-1,13
782,Xetvlxxxlh,3609,-1,13
783,Xetelxxxir,3609,-1,13
784,Xetvlxxxlb,3609,-1,13
785,Xetelxxxin,3609,-1,13
786,Gxdrrraf,3609,0,11
787,Goxubolo,3609,1,12
788,Iiewrrrala,3610,-2,11
789,Xetelxtwa,3610,-1,13
790,Iietelxxxm,3610,1,13
791,Iietelxxxn,3610,1,13
792,Iiewrieatu,3614,-2,11
793,Xtaelxxxlh,3614,-1,13
794,Xtaelxxxlk,3614,-1,13
795,Xtaelxxxlb,3614,-1,13
796,Kudrllzalv,3614,0,11
797,Kvdrrrakd,3615,0,11
798,Iiewrrrat,3616,-2,11
799,Iioaelxxxlk,3619,-1,13
800,Iioaelxxxlb,3619,-1,13
801,Iioaelxxxlh,3619,-1,13
802,Kvdrrraf,3619,0,11
803,Juznbsutd,3621,-2,11
804,Iiewfrrakd,3621,-2,11
805,Yetelxtwd,3621,-1,13
806,Yetelxtwo,3621,-1,13
807,Xetelxdtlt,3621,-1,13
808,Xetelxtulb,3622,-1,13
809,Xetelxtulh,3622,-1,13
810,Xetelxtulk,3622,-1,13
811,Xetelxdtw,3623,-1,13
812,Jietelxdt,3623,0,13
813,Juznbsukc,3624,-2,11
814,Juznbsuko,3624,-2,11
815,Iewrrratu,3624,1,11
816,Iiewfrraf,3625,-2,11
817,Jietelxxxr,3626,0,13
818,Iietelxtxo,3626,1,13
819,Xetelxdao,3631,-1,13
820,Gxdrllzalv,3633,0,11
821,Jrairfrraoa,3634,-2,11
822,Jrairfllzulx,3634,-2,11
823,Filaelxtwo,3634,-1,13
824,Filaelxtwd,3634,-1,13
825,Iewrllzul,3634,1,11
826,Jietelxxxm,3638,0,13
827,Jietelxxxn,3638,0,13
828,Jrairfllzuk,3641,-2,11
829,Juznbsuks,3642,-2,11
830,Lszzzixulw,3643,-2,11
831,Kvdrllzalv,3643,0,11
832,Kudrllzulx,3643,0,11
833,Kudrrraoa,3643,0,11
834,Kezlzixulw,3643,0,11
835,Yetelxxxlk,3645,-1,13
836,Xetelxxxis,3645,-1,13
837,Iwzzzixulw,3646,-2,11
838,Kezlaiedu,3647,0,11
839,Iiewrrraos,3649,-2,11
840,Kudrllzuk,3650,0,11
841,Jrairfllzal,3653,-2,11
842,Iiewrllzuli,3653,-2,11
843,Jietelxtxo,3654,0,13
844,Kudrllzixu,3656,0,11
845,Iiewrrratv,3657,-2,11
846,Kudrllzal,3662,0,11
847,Gxdrllzulx,3662,0,11
848,Gxdrrraoa,3662,0,11
849,Jiuzzzixule,3663,-2,11
850,Jrairfrrala,3664,-2,11
851,Iiewrrraoe,3666,-2,11
852,Jiuzzarxixe,3668,-2,11
853,Jiuzzarxio,3669,-2,11
854,Gxdrllzuk,3669,0,11
855,Jrairfrrat,3670,-2,11
856,Kvdrrraoa,3672,0,11
857,Kvdrllzulx,3672,0,11
858,Kudrrrala,3673,0,11
859,Jiuzzarxixo,3674,-2,11
860,Gxdrllzixu,3675,0,11
861,Kudrieatu,3677,0,11
862,Iiewfllzulx,3678,-2,11
863,Iiewfrraoa,3678,-2,11
864,Iiewrllzulr,3679,-2,11
865,Kudrrrat,3679,0,11
866,Kvdrllzuk,3679,0,11
867,Iieteltvx,3679,1,13
868,Iiewrrrxbx,3680,-2,11
869,Gxdrllzal,3681,0,11
870,Iiewrllzab,3682,-2,11
871,Iietelxda,3682,1,13
872,Jiuzzzixult,3683,-2,11
873,Inozlerd,3683,2,12
874,Jrarlrrrakd,3684,-2,11
875,Iewfllzulv,3684,1,11
876,Kvdrllzixu,3685,0,11
877,Iietelxtwd,3685,1,13
878,Iietelxtwo,3685,1,13
879,Iiewrllzalw,3686,-2,11
880,Jrarlrrraf,3688,-2,11
881,Iiewrrratw,3691,-2,11
882,Kvdrllzal,3691,0,11
883,Gxdrrrala,3692,0,11
884,Vrrsiexx,3696,0,13
885,Iiatelxxx,3696,1,13
886,Gxdrrrat,3698,0,11
887,Kvdrrrala,3702,0,11
888,Jrairfrraos,3703,-2,11
889,Iixaelxxx,3703,0,13
890,Iietelxdtr,3703,1,13
891,Iizalczrd,3706,2,12
892,Iiewrrrato,3707,-2,11
893,Jrairfllzuli,3707,-2,11
894,Jieteltvx,3707,0,13
895,Iiewfrrala,3708,-2,11
896,Kvdrrrat,3708,0,11
897,Iietelxxxlb,3709,1,13
898,Iietelxxxlh,3709,1,13
899,Iietelxxxlk,3709,1,13
900,Jrairfrratv,3711,-2,11
901,Kudrrraos,3712,0,11
902,Jietelxtwd,3713,0,13
903,Jietelxtwo,3713,0,13
904,Iiewfrrat,3714,-2,11
905,Iietelxdtn,3715,1,13
906,Iietelxdtm,3715,1,13
907,Iietvlxxx,3715,1,13
908,Kudrllzuli,3716,0,11
909,Iecwerd,3716,2,12
910,Kezlzixule,3717,0,11
911,Daeertx,3718,1,13
912,Fudrllzulv,3719,1,11
913,Kudrrratv,3720,0,11
914,Iewrllzulw,3721,1,11
915,Kezlarxixe,3722,0,11
916,Iewfrratu,3722,1,11
917,Kezlarxio,3723,0,11
918,Jiatelxxx,3724,0,13
919,Kezlarxixo,3728,0,11
920,Iietelxtu,3728,1,13
921,Kudrrraoe,3729,0,11
922,Ncsczrd,3729,2,12
923,Daeenvrw,3730,1,13
924,Gxdrrraos,3731,0,11
925,Jietelxdtr,3731,0,13
926,Iewfllzul,3732,1,11
927,Ocsczrd,3732,2,12
928,Gxdrllzuli,3735,0,11
929,Kezlzixult,3737,0,11
930,Jietelxxxlh,3737,0,13
931,Jietelxxxlk,3737,0,13
932,Jietelxxxlb,3737,0,13
933,Gxdrrratv,3739,0,11
934,Kvdrrraos,3741,0,11
935,Kudrllzulr,3742,0,11
936,Kudrrrxbx,3743,0,11
937,Jietelxdtm,3743,0,13
938,Jietvlxxx,3743,0,13
939,Jietelxdtn,3743,0,13
940,Iewrrratd,3744,1,11
941,Kvdrllzuli,3745,0,11
942,Kudrllzab,3745,0,11
943,Iewrrrako,3747,1,11
944,Iewrrrakc,3747,1,11
945,Gxdrrraoe,3748,0,11
946,Fvdrllzulv,3748,1,11
947,Kvdrrratv,3749,0,11
948,Kudrllzalw,3749,0,11
949,Iieteltvz,3751,1,13
950,Iizaflerd,3751,2,12
951,Kudrrratw,3754,0,11
952,Jietelxtu,3756,0,13
953,Fudrrratu,3757,1,11
954,Kvdrrraoe,3758,0,11
955,Gxdrllzulr,3761,0,11
956,Gxdrrrxbx,3762,0,11
957,Gxdrllzab,3764,0,11
958,Iewrrraks,3765,1,11
959,Fudrllzul,3767,1,11
960,Gxdrllzalw,3768,0,11
961,Kudrrrato,3770,0,11
962,Kvdrllzulr,3771,0,11
963,Jieteltvz,3779,0,13
964,Fvdrrratu,3786,1,11
965,Iieteltvxr,3787,1,13
966,Ooxczrd,3787,2,12
967,Iietelxov,3789,1,13
968,Daeertz,3790,1,13
969,Zbdczrd,3792,2,12
970,Daeenvr,3793,1,13
971,Iewrllzule,3795,1,11
972,Fvdrllzul,3796,1,11
973,Iewrllzix,3796,1,11
974,Iieteltvxm,3799,1,13
975,Iieteltvxn,3799,1,13
976,Iietelxtwe,3802,1,13
977,Vrrsiexxr,3804,0,13
978,Iiatelxxxr,3804,1,13
979,Iewrllzak,3805,1,11
980,Iixaelxxxr,3811,0,13
981,Iietelxdtlh,3814,1,13
982,Iietelxdtlk,3814,1,13
983,Iietelxdtlb,3814,1,13
984,Jieteltvxr,3815,0,13
985,Iewrllzult,3815,1,11
986,Vrrsiexxn,3816,0,13
987,Vrrsiexxm,3816,0,13
988,Iiatelxxxn,3816,1,13
989,Iiatelxxxm,3816,1,13
990,Jietelxov,3817,0,13
991,Iewfllzulw,3819,1,11
992,Iietelxoer,3820,1,13
993,Iemczrd,3822,2,12
994,Iixaelxxxn,3823,0,13
995,Iixaelxxxm,3823,0,13
996,Iietvlxxxr,3823,1,13
997,Daeertxr,3826,1,13
998,Jieteltvxn,3827,0,13
999,Jieteltvxm,3827,0,13
1000,Jietelxtwe,3830,0,13
1001,Jiatelxxxr,3832,0,13
1002,Iiatelxtxo,3832,1,13
1003,Iietvlxxxn,3835,1,13
1004,Iietvlxxxm,3835,1,13
1005,Iietelxtur,3836,1,13
1006,Daeertxm,3838,1,13
1007,Daeertxn,3838,1,13
1008,Iixaelxtxo,3839,0,13
1009,Iietelxxxlt,3841,1,13
1010,Iietelxoed,3841,1,13
1011,Jietelxdtlb,3842,0,13
1012,Jietelxdtlk,3842,0,13
1013,Jietelxdtlh,3842,0,13
1014,Iewfrratd,3842,1,11
1015,Jiatelxxxm,3844,0,13
1016,Jiatelxxxn,3844,0,13
1017,Iewfrrakc,3845,1,11
1018,Iewfrrako,3845,1,11
1019,Iewrrrakd,3846,1,11
1020,Iietelztxo,3847,1,13
1021,Jietelxoer,3848,0,13
1022,Iietelxtun,3848,1,13
1023,Iietelxtum,3848,1,13
1024,Iewrrraf,3850,1,11
1025,Jietvlxxxr,3851,0,13
1026,Iietvlxtxo,3851,1,13
1027,Fudrllzulw,3854,1,11
1028,Vxdrrratu,3856,1,11
1029,Iieteltvzr,3859,1,13
1030,Jiatelxtxo,3860,0,13
1031,Jietvlxxxn,3863,0,13
1032,Jietvlxxxm,3863,0,13
1033,Iewfrraks,3863,1,11
1034,Iietelxoex,3863,1,13
1035,Jietelxtur,3864,0,13
1036,Jietelxoed,3869,0,13
1037,Jietelxxxlt,3869,0,13
1038,Iieteltvzm,3871,1,13
1039,Iieteltvzn,3871,1,13
1040,Jietelvtz,3872,0,13
1041,Iewrllzalv,3874,1,11
1042,Iietelxtws,3874,1,13
1043,Jietelztxo,3875,0,13
1044,Iezuzixulv,3875,1,11
1045,Jietelxtun,3876,0,13
1046,Jietelxtum,3876,0,13
1047,Fudrrratd,3877,1,11
1048,Jietvlxtxo,3879,0,13
1049,Fudrrrako,3880,1,11
1050,Fudrrrakc,3880,1,11
1051,Fvdrllzulw,3883,1,11
1052,Iietelttao,3885,1,13
1053,Jieteltvzr,3887,0,13
1054,Iietelxtxx,3889,1,13
1055,Jietelxoex,3891,0,13
1056,Iiatelxtwo,3891,1,13
1057,Iiatelxtwd,3891,1,13
1058,Iewfllzule,3893,1,11
1059,Iixaelxtwd,3898,0,13
1060,Iixaelxtwo,3898,0,13
1061,Fudrrraks,3898,1,11
1062,Iieteltvxlh,3898,1,13
1063,Iieteltvxlb,3898,1,13
1064,Daeertzr,3898,1,13
1065,Iieteltvxlk,3898,1,13
1066,Jieteltvzn,3899,0,13
1067,Jieteltvzm,3899,0,13
1068,Inozlerdr,3899,2,12
1069,Fezlzixulv,3901,1,11
1070,Jietelxtws,3902,0,13
1071,Iewfllzak,3903,1,11
1072,Iewrrraoa,3903,1,11
1073,Iewrllzulx,3903,1,11
1074,Iietelxdtx,3903,1,13
1075,Fvdrrratd,3906,1,11
1076,Iietelztwo,3906,1,13
1077,Iietelztwd,3906,1,13
1078,Fvdrrrako,3909,1,11
1079,Fvdrrrakc,3909,1,11
1080,Iewrllzuk,3910,1,11
1081,Daeertzm,3910,1,13
1082,Iietvlxtwd,3910,1,13
1083,Daeertzn,3910,1,13
1084,Iietvlxtwo,3910,1,13
1085,Iietelxtwf,3911,1,13
1086,Jietelttao,3913,0,13
1087,Iewfllzult,3913,1,11
1088,Iietelxoe,3913,1,13
1089,Daeenvm,3914,1,13
1090,Vrrsiexxlb,3915,0,13
1091,Vrrsiexxlk,3915,0,13
1092,Vrrsiexxlh,3915,0,13
1093,Iiatelxxxlk,3915,1,13
1094,Iiatelxxxlb,3915,1,13
1095,Iiatelxxxlh,3915,1,13
1096,Iewrllzixu,3916,1,11
1097,Jietelxtxx,3917,0,13
1098,Jiatelxtwo,3919,0,13
1099,Jiatelxtwd,3919,0,13
1100,Iixaelxxxlk,3922,0,13
1101,Iixaelxxxlb,3922,0,13
1102,Iixaelxxxlh,3922,0,13
1103,Iewrllzal,3922,1,11
1104,Daeenvn,3922,1,13
1105,Iizalczrdr,3922,2,12
1106,Iezuzixul,3923,1,11
1107,Iietelxdat,3925,1,13
1108,Jieteltvxlb,3926,0,13
1109,Jieteltvxlk,3926,0,13
1110,Jieteltvxlh,3926,0,13
1111,Fvdrrraks,3927,1,11
1112,Yiaullzulv,3927,2,11
1113,Fudrllzule,3928,1,11
1114,Daeenvh,3929,1,13
1115,Jietelxdtx,3931,0,13
1116,Iecwerdr,3932,2,12
1117,Iewrrrala,3933,1,11
1118,Jietelztwo,3934,0,13
1119,Jietelztwd,3934,0,13
1120,Iietelxxxir,3934,1,13
1121,Iietelxxxim,3934,1,13
1122,Iietvlxxxlb,3934,1,13
1123,Iietelxxxin,3934,1,13
1124,Iietvlxxxlh,3934,1,13
1125,Iietvlxxxlk,3934,1,13
1126,Iietelxtwa,3935,1,13
1127,Iewrieatu,3937,1,11
1128,Daeertxlh,3937,1,13
1129,Daeertxlk,3937,1,13
1130,Daeertxlb,3937,1,13
1131,Jietvlxtwo,3938,0,13
1132,Jietvlxtwd,3938,0,13
1133,Fudrllzak,3938,1,11
1134,Jietelxtwf,3939,0,13
1135,Iewrrrat,3939,1,11
1136,Jietelxoe,3941,0,13
1137,Jiatelxxxlk,3943,0,13
1138,Jiatelxxxlb,3943,0,13
1139,Jiatelxxxlh,3943,0,13
1140,Iewfrrakd,3944,1,11
1141,Ncsczrdr,3945,2,12
1142,Iietelxdtlt,3946,1,13
1143,Iietelxtulh,3947,1,13
1144,Iietelxtulb,3947,1,13
1145,Iietelxtulk,3947,1,13
1146,Iewfrraf,3948,1,11
1147,Fudrllzult,3948,1,11
1148,Iietelxdtw,3948,1,13
1149,Ocsczrdr,3948,2,12
1150,Fezlzixul,3949,1,11
1151,Inollbns,3950,2,12
1152,Flaelxxx,3955,2,13
1153,Iietelxdao,3956,1,13
1154,Fvdrllzule,3957,1,11
1155,Daeenvrf,3958,1,13
1156,Jietvlxxxlk,3962,0,13
1157,Jietelxxxin,3962,0,13
1158,Jietvlxxxlb,3962,0,13
1159,Jietvlxxxlh,3962,0,13
1160,Jietelxxxir,3962,0,13
1161,Jietelxxxim,3962,0,13
1162,Jietelxtwa,3963,0,13
1163,Yiaurratu,3965,2,11
1164,Lnclbns,3966,2,12
1165,Fvdrllzak,3967,1,11
1166,Iizaflerdr,3967,2,12
1167,Iieteltvzlk,3970,1,13
1168,Iieteltvzlb,3970,1,13
1169,Iietelxxxis,3970,1,13
1170,Iieteltvzlh,3970,1,13
1171,Iewrrraos,3972,1,11
1172,Iewfllzalv,3972,1,11
1173,Jietelxdtlt,3974,0,13
1174,Jietelxtulk,3975,0,13
1175,Jietelxtulh,3975,0,13
1176,Jietelxtulb,3975,0,13
1177,Yiaullzul,3975,2,11
1178,Jietelxdtw,3976,0,13
1179,Iewrllzuli,3976,1,11
1180,Vxdrrratd,3976,1,11
1181,Fvdrllzult,3977,1,11
1182,Inozbns,3977,2,12
1183,Vxdrrrakc,3979,1,11
1184,Vxdrrrako,3979,1,11
1185,Fudrrrakd,3979,1,11
1186,Jietelvtzr,3980,0,13
1187,Iewrrratv,3980,1,11
1188,Fudrrraf,3983,1,11
1189,Paeenlli,3986,2,13
1190,Iewrrraoe,3989,1,11
1191,Jietelvtzn,3992,0,13
1192,Jietelvtzm,3992,0,13
1193,Vxdrrraks,3997,1,11
1194,Jieteltvzlh,3998,0,13
1195,Jietelxxxis,3998,0,13
1196,Jieteltvzlb,3998,0,13
1197,Iewfllzulx,4001,1,11
1198,Iewfrraoa,4001,1,11
1199,Iewrllzulr,4002,1,11
1200,Iewrrrxbx,4003,1,11
1201,Ooxczrdr,4003,2,12
1202,Iewrllzab,4005,1,11
1203,Inozlerda,4005,2,12
1204,Fudrllzalv,4007,1,11
1205,Fvdrrrakd,4008,1,11
1206,Zbdczrdr,4008,2,12
1207,Iewrllzalw,4009,1,11
1208,Iezuzixulw,4010,1,11
1209,Fvdrrraf,4012,1,11
1210,Iewrrratw,4014,1,11
1211,Iewfllzal,4020,1,11
1212,Inozzrti,4027,2,12
1213,Iizalczrda,4028,2,12
1214,Iewrrrato,4030,1,11
1215,Iewfrrala,4031,1,11
1216,Fvdrllzalv,4036,1,11
1217,Fudrllzulx,4036,1,11
1218,Fudrrraoa,4036,1,11
1219,Fezlzixulw,4036,1,11
1220,Iewfrrat,4037,1,11
1221,Jwuzixulv,4037,2,11
1222,Inozlerde,4037,2,12
1223,Iemczrdr,4038,2,12
1224,Iecwerda,4038,2,12
1225,Jvrrlbns,4042,2,12
1226,Iewrrraka,4046,1,11
1227,Jwxbsutu,4046,2,11
1228,Ncsczrda,4051,2,12
1229,Iewrllzuln,4053,1,11
1230,Iewrllzulm,4053,1,11
1231,Iewrrrafe,4053,1,11
1232,Ocsczrda,4054,2,12
1233,Fudrllzal,4055,1,11
1234,Iewrrrakz,4056,1,11
1235,Jwuaied,4056,2,11
1236,Iewrieatd,4057,1,11
1237,Iizalczrde,4060,2,12
1238,Flaelxdt,4060,2,13
1239,Inoluoti,4061,2,12
1240,Yiaullzulw,4062,2,11
1241,Flaelxxxr,4063,2,13
1242,Iecwerde,4070,2,12
1243,Iizaflerda,4073,2,12
1244,Flaelxxxn,4075,2,13
1245,Flaelxxxm,4075,2,13
1246,Ncsczrde,4083,2,12
1247,Jwuzixul,4085,2,11
1248,Yiaurratd,4085,2,11
1249,Ocsczrde,4086,2,12
1250,Yiaurrako,4088,2,11
1251,Yiaurrakc,4088,2,11
1252,Pnrortxo,4088,2,13
1253,Inozzrtnv,4091,2,12
1254,Flaelxtxo,4091,2,13
1255,Paeertx,4095,2,13
1256,Iizaflerde,4105,2,12
1257,Yiaurraks,4106,2,11
1258,Paeenvrw,4107,2,13
1259,Ooxczrda,4109,2,12
1260,Zbdczrda,4114,2,12
1261,Yiwzixulv,4115,2,11
1262,Jwuarxx,4118,2,11
1263,Inozlerdit,4118,2,12
1264,Inozlerdif,4118,2,12
1265,Inolubolo,4121,2,12
1266,Prrfzrtx,4122,2,13
1267,Paeenllic,4123,2,13
1268,Inoluotnv,4125,2,12
1269,Inozlerc,4130,2,12
1270,Yiwaied,4134,2,11
1271,Prrfznvrw,4134,2,13
1272,Yiaullzule,4136,2,11
1273,Yiaullzix,4137,2,11
1274,Iizalczrdif,4141,2,12
1275,Iizalczrdit,4141,2,12
1276,Ooxczrde,4141,2,12
1277,Iemczrda,4144,2,12
1278,Flaeltvx,4144,2,13
1279,Yiaullzak,4146,2,11
1280,Zbdczrde,4146,2,12
1281,Inoluoelo,4147,2,12
1282,Pnrortwd,4147,2,13
1283,Pnrortwo,4147,2,13
1284,Inozlerds,4149,2,12
1285,Flaelxtwo,4150,2,13
1286,Flaelxtwd,4150,2,13
1287,Iecwerdif,4151,2,12
1288,Iecwerdit,4151,2,12
1289,Iizalczrc,4153,2,12
1290,Yiaullzult,4156,2,11
1291,Yiwzixul,4163,2,11
1292,Ncsczrdif,4164,2,12
1293,Ncsczrdit,4164,2,12
1294,Jwxbsutd,4166,2,11
1295,Inollbnsr,4166,2,12
1296,Inozzrtio,4167,2,12
1297,Ocsczrdit,4167,2,12
1298,Ocsczrdif,4167,2,12
1299,Paeertz,4167,2,13
1300,Yialbsutu,4168,2,11
1301,Flaelxdtr,4168,2,13
1302,Jwxbsuko,4169,2,11
1303,Jwxbsukc,4169,2,11
1304,Paeenvr,4170,2,13
1305,Jwuzixulw,4172,2,11
1306,Iizalczrds,4172,2,12
1307,Flaelxxxlh,4174,2,13
1308,Flaelxxxlk,4174,2,13
1309,Flaelxxxlb,4174,2,13
1310,Jwuaiedu,4176,2,11
1311,Iemczrde,4176,2,12
1312,Flaelxdtn,4180,2,13
1313,Flaelxdtm,4180,2,13
1314,Inolubof,4182,2,12
1315,Iecwerds,4182,2,12
1316,Lnclbnsr,4182,2,12
1317,Iizaflerdif,4186,2,12
1318,Iizaflerdit,4186,2,12
1319,Inozzrtir,4186,2,12
1320,Jwxbsuks,4187,2,11
1321,Yiaurrakd,4187,2,11
1322,Inozzrtnc,4187,2,12
1323,Pnrortu,4190,2,13
1324,Yiaurraf,4191,2,11
1325,Inozbnsr,4193,2,12
1326,Flaelxtu,4193,2,13
1327,Prrfzrtz,4194,2,13
1328,Ncsczrds,4195,2,12
1329,Prrfznvr,4197,2,13
1330,Ocsczrds,4198,2,12
1331,Inozlerdlt,4199,2,12
1332,Inoluotio,4201,2,12
1333,Inozlerdn,4202,2,12
1334,Inozlerdm,4202,2,12
1335,Paeertxr,4203,2,13
1336,Inoluoef,4208,2,12
1337,Yiaullzalv,4215,2,11
1338,Paeertxn,4215,2,13
1339,Paeertxm,4215,2,13
1340,Flaeltvz,4216,2,13
1341,Inozzrtom,4217,2,12
1342,Iizaflerds,4217,2,12
1343,Yliebsutu,4219,2,11
1344,Inoluotir,4220,2,12
1345,Inoluotnc,4221,2,12
1346,Iizalczrdlt,4222,2,12
1347,Ooxczrdit,4222,2,12
1348,Ooxczrdif,4222,2,12
1349,Inozzrtbr,4225,2,12
1350,Iizalczrdn,4225,2,12
1351,Iizalczrdm,4225,2,12
1352,Zbdczrdif,4227,2,12
1353,Zbdczrdit,4227,2,12
1354,Prrfzrtxr,4230,2,13
1355,Iecwerdlt,4232,2,12
1356,Iecwerdm,4235,2,12
1357,Iecwerdn,4235,2,12
1358,Jwuarxxu,4238,2,11
1359,Inozlercn,4238,2,12
1360,Inozlerdd,4239,2,12
1361,Yuxbsutu,4240,2,11
1362,Inolubolz,4242,2,12
1363,Prrfzrtxn,4242,2,13
1364,Prrfzrtxm,4242,2,13
1365,Yiaurraoa,4244,2,11
1366,Yiaullzulx,4244,2,11
1367,Ncsczrdlt,4245,2,12
1368,Jwuzixule,4246,2,11
1369,Ocsczrdlt,4248,2,12
1370,Ncsczrdn,4248,2,12
1371,Ncsczrdm,4248,2,12
1372,Yiwzixulw,4250,2,11
1373,Yiaullzuk,4251,2,11
1374,Jwuarxixe,4251,2,11
1375,Ocsczrdm,4251,2,12
1376,Jwuarxio,4252,2,11
1377,Flaeltvxr,4252,2,13
1378,Yiwaiedu,4254,2,11
1379,Atrfznvrw,4254,2,13
1380,Flaelxov,4254,2,13
1381,Yiaullzixu,4257,2,11
1382,Jwuarxixo,4257,2,11
1383,Yiaullzal,4263,2,11
1384,Pnrortwe,4264,2,13
1385,Flaeltvxm,4264,2,13
1386,Flaeltvxn,4264,2,13
1387,Jwuzixult,4266,2,11
1388,Flaelxtwe,4267,2,13
1389,Jwxbsukd,4268,2,11
1390,Jwxbsuf,4272,2,11
1391,Yiaurrala,4274,2,11
1392,Paeertzr,4275,2,13
1393,Yiauieatu,4278,2,11
1394,Flaelxdtlh,4279,2,13
1395,Flaelxdtlk,4279,2,13
1396,Flaelxdtlb,4279,2,13
1397,Yiaurrat,4280,2,11
1398,Flaelxoer,4285,2,13
1399,Paeertzm,4287,2,13
1400,Paeertzn,4287,2,13
1401,Yialbsutd,4288,2,11
1402,Yialbsukc,4291,2,11
1403,Yialbsuko,4291,2,11
1404,Paeenvm,4291,2,13
1405,Paeenllid,4295,2,13
1406,Pnrortur,4298,2,13
1407,Paeenvn,4299,2,13
1408,Flaelxtur,4301,2,13
1409,Prrfzrtzr,4302,2,13
1410,Flaelxoed,4306,2,13
1411,Flaelxxxlt,4306,2,13
1412,Paeenvh,4306,2,13
1413,Yialbsuks,4309,2,11
1414,Pnrortun,4310,2,13
1415,Pnrortum,4310,2,13
1416,Pnroncxw,4312,2,13
1417,Yiaurraos,4313,2,11
1418,Flaelxtun,4313,2,13
1419,Flaelxtum,4313,2,13
1420,Paeertxlk,4314,2,13
1421,Prrfzrtzn,4314,2,13
1422,Paeertxlb,4314,2,13
1423,Prrfzrtzm,4314,2,13
1424,Paeertxlh,4314,2,13
1425,Yiaullzuli,4317,2,11
1426,Atrfznvr,4317,2,13
1427,Prrfznvm,4318,2,13
1428,Yiaurratv,4321,2,11
1429,Yiwzixule,4324,2,11
1430,Flaeltvzr,4324,2,13
1431,Jwxbsuoa,4325,2,11
1432,Prrfznvn,4326,2,13
1433,Pnroncxo,4327,2,13
1434,Pnroncxz,4327,2,13
1435,Flaelxoex,4328,2,13
1436,Yiwarxixe,4329,2,11
1437,Yiwarxio,4330,2,11
1438,Yiaurraoe,4330,2,11
1439,Prrfznvh,4333,2,13
1440,Yiwarxixo,4335,2,11
1441,Paeenvrf,4335,2,13
1442,Jwuaruzd,4336,2,11
1443,Flaeltvzn,4336,2,13
1444,Pnrortws,4336,2,13
1445,Flaeltvzm,4336,2,13
1446,Yliebsutd,4339,2,11
1447,Flaelxtws,4339,2,13
1448,Prrfzrtxlk,4341,2,13
1449,Prrfzrtxlb,4341,2,13
1450,Prrfzrtxlh,4341,2,13
1451,Jwxbonb,4342,2,11
1452,Yliebsukc,4342,2,11
1453,Yliebsuko,4342,2,11
1454,Yiaullzulr,4343,2,11
1455,Yiaurrxbx,4344,2,11
1456,Yiwzixult,4344,2,11
1457,Yiaullzab,4346,2,11
1458,Yiaullzalw,4350,2,11
1459,Pnrortxx,4351,2,13
1460,Jwuarxix,4353,2,11
1461,Jwuarxixt,4353,2,11
1462,Jwuzixulx,4354,2,11
1463,Flaelxtxx,4354,2,13
1464,Jwxbsula,4355,2,11
1465,Yiaurratw,4355,2,11
1466,Yuxbsutd,4360,2,11
1467,Yliebsuks,4360,2,11
1468,Jwxbsut,4361,2,11
1469,Prrfznvrf,4362,2,13
1470,Yuxbsukc,4363,2,11
1471,Yuxbsuko,4363,2,11
1472,Flaeltvxlk,4363,2,13
1473,Flaeltvxlb,4363,2,13
1474,Flaeltvxlh,4363,2,13
1475,Flaelxdtx,4368,2,13
1476,Jwuarxixu,4370,2,11
1477,Yiaurrato,4371,2,11
1478,Flaelztwd,4371,2,13
1479,Flaelztwo,4371,2,13
1480,Pnrortwf,4373,2,13
1481,Flaelxtwf,4376,2,13
1482,Flaelxoe,4378,2,13
1483,Yuxbsuks,4381,2,11
1484,Yusarxixe,4384,2,11
1485,Yusarxio,4385,2,11
1486,Paeertzlh,4386,2,13
1487,Paeertzlk,4386,2,13
1488,Yiaurraka,4387,2,11
1489,Yusarxixo,4390,2,11
1490,Yialbsukd,4390,2,11
1491,Yiaullzulm,4394,2,11
1492,Yialbsuf,4394,2,11
1493,Yiaurrafe,4394,2,11
1494,Yiaullzuln,4394,2,11
1495,Jwxbsuos,4394,2,11
1496,Jwuarxixc,4396,2,11
1497,Yiaurrakz,4397,2,11
1498,Yiaullzulo,4398,2,11
1499,Yiaurrakx,4398,2,11
1500,Lsicllilrhif,4471,-2,9
1501,Ilzriillilrhif,4476,-2,9
1502,Jiiilsiixlbf,4513,-2,10
1503,Lsicllilrhi,4522,-2,9
1504,Jiiilsiixlbfis,4525,-2,10
1505,Ilzriillilrhi,4527,-2,9
1506,Iiiilsiixlbf,4533,-1,10
1507,Jiiltnixlbf,4535,-2,10
1508,Gilsiixlbf,4544,-1,10
1509,Ilxlsiixlbf,4545,-1,10
1510,Iiiilsiixlbfis,4545,-1,10
1511,Jiiltnixlbfis,4547,-2,10
1512,Iiiltnixlbf,4555,-1,10
1513,Gilsiixlbfis,4556,-1,10
1514,Ilxlsiixlbfis,4557,-1,10
1515,Gltnixlbf,4566,-1,10
1516,Ilunciiclo,4567,-2,9
1517,Iiiltnixlbfis,4567,-1,10
1518,Gltnixlbfis,4578,-1,10
1519,Gknixlbf,4596,0,10
1520,Ilunciicllilw,4604,-2,9
1521,Gknixlbfis,4608,0,10
1522,Ilunciiclolh,4615,-2,9
1523,Ilunciiclolk,4615,-2,9
1524,Jiillsiixlbf,4621,-2,10
1525,Ilunciicloin,4627,-2,9
1526,Ilunciicloir,4627,-2,9
1527,Ilunciicloim,4627,-2,9
1528,Ilunciiclliln,4632,-2,9
1529,Jiiilsiixlbfls,4633,-2,10
1530,Jiillsiixlbfis,4633,-2,10
1531,Filsiixlbf,4636,1,10
1532,Ilzriittclo,4641,-2,9
1533,Filsiixlbfis,4648,1,10
1534,Iiiilsiixlbfls,4653,-1,10
1535,Jiiltnixlbfls,4655,-2,10
1536,Fltnixlbf,4658,1,10
1537,Cilsiixlbf,4659,0,10
1538,Jiiilsiixrlt,4661,-2,10
1539,Ilunciicloii,4663,-2,9
1540,Gilsiixlbfls,4664,-1,10
1541,Ilxlsiixlbfls,4665,-1,10
1542,Jiiilsiiilibf,4669,-2,10
1543,Fltnixlbfis,4670,1,10
1544,Cilsiixlbfis,4671,0,10
1545,Iiiltnixlbfls,4675,-1,10
1546,Ilzriittcllilw,4678,-2,9
1547,Jiiilsiixrtum,4680,-2,10
1548,Jiiilsiixrtur,4680,-2,10
1549,Jiiilsiixrtun,4680,-2,10
1550,Jiiilsiiilibfis,4681,-2,10
1551,Iiiilsiixrlt,4681,-1,10
1552,Jiiltnixrlt,4683,-2,10
1553,Gltnixlbfls,4686,-1,10
1554,Ilzriittclolh,4689,-2,9
1555,Ilzriittclolk,4689,-2,9
1556,Iiiilsiiilibf,4689,-1,10
1557,Jiiltniilibf,4691,-2,10
1558,Ilunciicliz,4692,-2,9
1559,Gilsiixrlt,4692,-1,10
1560,Ilxlsiixrlt,4693,-1,10
1561,Gilsiiilibf,4700,-1,10
1562,Ilzriittcloir,4701,-2,9
1563,Ilzriittcloim,4701,-2,9
1564,Ilzriittcloin,4701,-2,9
1565,Ilxlsiiilibf,4701,-1,10
1566,Iiiilsiiilibfis,4701,-1,10
1567,Jiiltnixrtur,4702,-2,10
1568,Jiiltnixrtun,4702,-2,10
1569,Jiiltnixrtum,4702,-2,10
1570,Jiiltniilibfis,4703,-2,10
1571,Iiiltnixrlt,4703,-1,10
1572,Ilzriittclliln,4706,-2,9
1573,Jiiilsiixlbum,4710,-2,10
1574,Jiiilsiixlbur,4710,-2,10
1575,Jiiilsiixlbun,4710,-2,10
1576,Iiiltniilibf,4711,-1,10
1577,Gilsiiilibfis,4712,-1,10
1578,Ilxlsiiilibfis,4713,-1,10
1579,Gltnixrlt,4714,-1,10
1580,Gknixlbfls,4716,0,10
1581,Gltniilibf,4722,-1,10
1582,Iiiltniilibfis,4723,-1,10
1583,Lsicllilrhrw,4724,-2,9
1584,Ilzriillilrhrw,4729,-2,9
1585,Iiiilsiixlbur,4730,-1,10
1586,Iiiilsiixlbum,4730,-1,10
1587,Iiiilsiixlbun,4730,-1,10
1588,Jiiltnixlbur,4732,-2,10
1589,Jiiltnixlbum,4732,-2,10
1590,Jiiltnixlbun,4732,-2,10
1591,Ilunciicllil,4733,-2,9
1592,Jiiilsiilsxum,4733,-2,10
1593,Jiiilsiilsxur,4733,-2,10
1594,Jiiilsiilsxun,4733,-2,10
1595,Gltniilibfis,4734,-1,10
1596,Ilzriittcloii,4737,-2,9
1597,Jiiilsiiillbf,4739,-2,10
1598,Jiillsiixlbfls,4741,-2,10
1599,Gilsiixlbur,4741,-1,10
1600,Gilsiixlbum,4741,-1,10
1601,Gilsiixlbun,4741,-1,10
1602,Ilxlsiixlbur,4742,-1,10
1603,Ilxlsiixlbun,4742,-1,10
1604,Ilxlsiixlbum,4742,-1,10
1605,Ilzriitholxw,4744,-2,9
1606,Jiiilsiixlbfo,4744,-2,10
1607,Gknixrlt,4744,0,10
1608,Fllsiixlbf,4744,1,10
1609,Jiiilsiiillbfis,4751,-2,10
1610,Iiiltnixlbun,4752,-1,10
1611,Iiiltnixlbum,4752,-1,10
1612,Iiiltnixlbur,4752,-1,10
1613,Gkniilibf,4752,0,10
1614,Iiiilsiilsxum,4753,-1,10
1615,Iiiilsiilsxun,4753,-1,10
1616,Iiiilsiilsxur,4753,-1,10
1617,Jiiltnilsxun,4755,-2,10
1618,Jiiltnilsxur,4755,-2,10
1619,Jiiltnilsxum,4755,-2,10
1620,Fllsiixlbfis,4756,1,10
1621,Filsiixlbfls,4756,1,10
1622,Iiiilsiiillbf,4759,-1,10
1623,Jiiltniillbf,4761,-2,10
1624,Gltnixlbun,4763,-1,10
1625,Gltnixlbur,4763,-1,10
1626,Gltnixlbum,4763,-1,10
1627,Gknixrtum,4763,0,10
1628,Gknixrtun,4763,0,10
1629,Gknixrtur,4763,0,10
1630,Iiiilsiixlbfo,4764,-1,10
1631,Gilsiilsxun,4764,-1,10
1632,Gilsiilsxur,4764,-1,10
1633,Gilsiilsxum,4764,-1,10
1634,Gkniilibfis,4764,0,10
1635,Ilxlsiilsxun,4765,-1,10
1636,Ilxlsiilsxum,4765,-1,10
1637,Ilxlsiilsxur,4765,-1,10
1638,Ilzriittcliz,4766,-2,9
1639,Jiiltnixlbfo,4766,-2,10
1640,Jiillsiixrlt,4769,-2,10
1641,Gilsiiillbf,4770,-1,10
1642,Iiiilsiiillbfis,4771,-1,10
1643,Ilxlsiiillbf,4771,-1,10
1644,Jiiltniillbfis,4773,-2,10
1645,Iiiltnilsxum,4775,-1,10
1646,Iiiltnilsxur,4775,-1,10
1647,Iiiltnilsxun,4775,-1,10
1648,Gilsiixlbfo,4775,-1,10
1649,Ilxlsiixlbfo,4776,-1,10
1650,Jiillsiiilibf,4777,-2,10
1651,Fltnixlbfls,4778,1,10
1652,Cilsiixlbfls,4779,0,10
1653,Iiiltniillbf,4781,-1,10
1654,Gilsiiillbfis,4782,-1,10
1655,Ilxlsiiillbfis,4783,-1,10
1656,Ilzriithfrxw,4784,-2,9
1657,Filsiixrlt,4784,1,10
1658,Ilunciicloln,4786,-2,9
1659,Ilunciiclolr,4786,-2,9
1660,Ilunciiclolb,4786,-2,9
1661,Ilunciiclolm,4786,-2,9
1662,Iiiltnixlbfo,4786,-1,10
1663,Piliciiclo,4786,2,9
1664,Ilzrinlklrxw,4787,-2,9
1665,Lsicllilrhr,4787,-2,9
1666,Jiillsiiilibfis,4789,-2,10
1667,Jiiilsiiilibfls,4789,-2,10
1668,Ilunciicllilf,4790,-2,9
1669,Ilzriillilrhr,4792,-2,9
1670,Gltniillbf,4792,-1,10
1671,Filsiiilibf,4792,1,10
1672,Iiiltniillbfis,4793,-1,10
1673,Gknixlbun,4793,0,10
1674,Gknixlbur,4793,0,10
1675,Gknixlbum,4793,0,10
1676,Gltnixlbfo,4797,-1,10
1677,Ilunciicllili,4803,-2,9
1678,Filsiixrtur,4803,1,10
1679,Filsiixrtun,4803,1,10
1680,Filsiixrtum,4803,1,10
1681,Lsicllilrhib,4804,-2,9
1682,Gltniillbfis,4804,-1,10
1683,Filsiiilibfis,4804,1,10
1684,Fltnixrlt,4806,1,10
1685,Ilzriittcllil,4807,-2,9
1686,Cilsiixrlt,4807,0,10
1687,Ilzriillilrhib,4809,-2,9
1688,Iiiilsiiilibfls,4809,-1,10
1689,Jiiltniilibfls,4811,-2,10
1690,Iluncixolxw,4813,-2,9
1691,Fltniilibf,4814,1,10
1692,Cilsiiilibf,4815,0,10
1693,Gknilsxum,4816,0,10
1694,Gknilsxun,4816,0,10
1695,Gknilsxur,4816,0,10
1696,Lsicllilrilxw,4818,-2,9
1697,Ilzriithulxw,4818,-2,9
1698,Jiillsiixlbur,4818,-2,10
1699,Jiillsiixlbum,4818,-2,10
1700,Jiillsiixlbun,4818,-2,10
1701,Gilsiiilibfls,4820,-1,10
1702,Ilxlsiiilibfls,4821,-1,10
1703,Gkniillbf,4822,0,10
1704,Ilzriillilrilxw,4823,-2,9
1705,Piliciicllilw,4823,2,9
1706,Fltnixrtun,4825,1,10
1707,Fltnixrtur,4825,1,10
1708,Fltnixrtum,4825,1,10
1709,Cilsiixrtum,4826,0,10
1710,Cilsiixrtun,4826,0,10
1711,Cilsiixrtur,4826,0,10
1712,Fltniilibfis,4826,1,10
1713,Gknixlbfo,4827,0,10
1714,Cilsiiilibfis,4827,0,10
1715,Jiiilsiixlbfn,4828,-2,10
1716,Iiiltniilibfls,4831,-1,10
1717,Vlinixlbf,4832,2,10
1718,Filsiixlbur,4833,1,10
1719,Filsiixlbun,4833,1,10
1720,Filsiixlbum,4833,1,10
1721,Iluncicolxw,4834,-2,9
1722,Gkniillbfis,4834,0,10
1723,Piliciiclolk,4834,2,9
1724,Piliciiclolh,4834,2,9
1725,Ilunciiclco,4836,-2,9
1726,Fitnixlbf,4838,1,10
1727,Flthixlbf,4838,1,10
1728,Ilzrnltcllilw,4840,-2,9
1729,Jiiilsiixlbfi,4840,-2,10
1730,Jiillsiilsxur,4841,-2,10
1731,Jiillsiilsxun,4841,-2,10
1732,Jiillsiilsxum,4841,-2,10
1733,Gltniilibfls,4842,-1,10
1734,Vlinixlbfis,4844,2,10
1735,Ilzriikicllilw,4846,-2,9
1736,Piliciicloim,4846,2,9
1737,Piliciicloin,4846,2,9
1738,Piliciicloir,4846,2,9
1739,Iiiilsiixlbfn,4848,-1,10
1740,Jiiltnixlbfn,4850,-2,10
1741,Flthixlbfis,4850,1,10
1742,Fitnixlbfis,4850,1,10
1743,Piliciiclliln,4851,2,9
1744,Jiiilsiixlbflt,4852,-2,10
1745,Jiillsiixlbfo,4852,-2,10
1746,Ilunciicllllw,4853,-2,9
1747,Fltnixlbun,4855,1,10
1748,Fltnixlbur,4855,1,10
1749,Fltnixlbum,4855,1,10
1750,Cilsiixlbur,4856,0,10
1751,Cilsiixlbum,4856,0,10
1752,Cilsiixlbun,4856,0,10
1753,Filsiilsxum,4856,1,10
1754,Filsiilsxun,4856,1,10
1755,Filsiilsxur,4856,1,10
1756,Jiiilsiiillbfls,4859,-2,10
1757,Gilsiixlbfn,4859,-1,10
1758,Ilzriittclolb,4860,-2,9
1759,Ilzriittclolm,4860,-2,9
1760,Ilzriittclolr,4860,-2,9
1761,Ilzriittcloln,4860,-2,9
1762,Ilxlsiixlbfn,4860,-1,10
1763,Iiiilsiixlbfi,4860,-1,10
1764,Jiiltnixlbfi,4862,-2,10
1765,Filsiiillbf,4862,1,10
1766,Ilzriittcllilf,4864,-2,9
1767,Fllsiixlbfls,4864,1,10
1768,Filsiixlbfo,4867,1,10
1769,Ilzrnltclliln,4868,-2,9
1770,Iiiltnixlbfn,4870,-1,10
1771,Gilsiixlbfi,4871,-1,10
1772,Ilxlsiixlbfi,4872,-1,10
1773,Iiiilsiixlbflt,4872,-1,10
1774,Gkniilibfls,4872,0,10
1775,Ilzriikiclliln,4874,-2,9
1776,Jiiltnixlbflt,4874,-2,10
1777,Filsiiillbfis,4874,1,10
1778,Ilzriittcllili,4877,-2,9
1779,Fltnilsxum,4878,1,10
1780,Fltnilsxur,4878,1,10
1781,Fltnilsxun,4878,1,10
1782,Iiiilsiiillbfls,4879,-1,10
1783,Cilsiilsxum,4879,0,10
1784,Cilsiilsxur,4879,0,10
1785,Cilsiilsxun,4879,0,10
1786,Ilunciiclllln,4881,-2,9
1787,Jiiltniillbfls,4881,-2,10
1788,Gltnixlbfn,4881,-1,10
1789,Ilunciicloli,4882,-2,9
1790,Iiiltnixlbfi,4882,-1,10
1791,Piliciicloii,4882,2,9
1792,Gilsiixlbflt,4883,-1,10
1793,Ilxlsiixlbflt,4884,-1,10
1794,Fltniillbf,4884,1,10
1795,Cilsiiillbf,4885,0,10
1796,Ilunciicllz,4887,-2,9
1797,Fltnixlbfo,4889,1,10
1798,Gilsiiillbfls,4890,-1,10
1799,Cilsiixlbfo,4890,0,10
1800,Ilxlsiiillbfls,4891,-1,10
1801,Fllsiixrlt,4892,1,10
1802,Gltnixlbfi,4893,-1,10
1803,Ilunciicllill,4894,-2,9
1804,Iiiltnixlbflt,4894,-1,10
1805,Ilunciicxz,4895,-2,9
1806,Fltniillbfis,4896,1,10
1807,Jiillsiiilibfls,4897,-2,10
1808,Cilsiiillbfis,4897,0,10
1809,Jiiilsiixlbfx,4900,-2,10
1810,Jiiilsiiilibfo,4900,-2,10
1811,Fllsiiilibf,4900,1,10
1812,Iiiltniillbfls,4901,-1,10
1813,Vllnixlbf,4902,2,10
1814,Gltnixlbflt,4905,-1,10
1815,Ilzriittclco,4910,-2,9
1816,Ilunciicllilk,4910,-2,9
1817,Gknixlbfn,4911,0,10
1818,Piliciicliz,4911,2,9
1819,Gltniillbfls,4912,-1,10
1820,Filsiiilibfls,4912,1,10
1821,Fllsiiilibfis,4912,1,10
1822,Vllnixlbfis,4914,2,10
1823,Iiiilsiiilibfo,4920,-1,10
1824,Iiiilsiixlbfx,4920,-1,10
1825,Jiiltniilibfo,4922,-2,10
1826,Jiiltnixlbfx,4922,-2,10
1827,Ilunciicllilr,4923,-2,9
1828,Gknixlbfi,4923,0,10
1829,Ilzriittcllllw,4927,-2,9
1830,Ilzrnltcliz,4928,-2,9
1831,Gilsiiilibfo,4931,-1,10
1832,Ilzriikicliz,4934,-2,9
1833,Fltniilibfls,4934,1,10
1834,Cilsiiilibfls,4935,0,10
1835,Gknixlbflt,4935,0,10
1836,Jiillsiixlbfn,4936,-2,10
1837,Jiiilsiixlbfiz,4936,-2,10
1838,Ilunciicllio,4940,-2,9
1839,Gknilsxi,4940,0,10
1840,Fllsiixlbum,4941,1,10
1841,Fllsiixlbun,4941,1,10
1842,Fllsiixlbur,4941,1,10
1843,Gkniillbfls,4942,0,10
1844,Ilzriitholxi,4944,-2,9
1845,Jiiilsiixlbfl,4948,-2,10
1846,Jiillsiixlbfi,4948,-2,10
1847,Gkniilibur,4949,0,10
1848,Gkniilibum,4949,0,10
1849,Gkniilibun,4949,0,10
1850,Filsiixlbfn,4951,1,10
1851,Lsicllilrhrf,4952,-2,9
1852,Piliciicllil,4952,2,9
1853,Vlinixlbfls,4952,2,10
1854,Ilunciicllilm,4954,-2,9
1855,Ilzriittclllln,4955,-2,9
1856,Ilzriittcloli,4956,-2,9
1857,Ilzriillilrhrf,4957,-2,9
1858,Jiiilsiixlbfic,4957,-2,10
1859,Jiiltnixlbfiz,4958,-2,10
1860,Ixlnciiclo,4958,-1,9
1861,Flthixlbfls,4958,1,10
1862,Fitnixlbfls,4958,1,10
1863,Jiillsiixlbflt,4960,-2,10
1864,Ilzriittcllz,4961,-2,9
1865,Ilunciicllilh,4961,-2,9
1866,Filsiixlbfi,4963,1,10
1867,Ilzriittcllill,4968,-2,9
1868,Ilzriittcxz,4969,-2,9
1869,Ilzrnltcllil,4969,-2,9
1870,Jiiilsiiillbfo,4970,-2,10
1871,Jiiltnixlbfl,4970,-2,10
1872,Fllsiiillbf,4970,1,10
1873,Piliciiclli,4970,2,9
1874,Fltnixlbfn,4973,1,10
1875,Cilsiixlbfn,4974,0,10
1876,Ilzriikicllil,4975,-2,9
1877,Fllsiixlbfo,4975,1,10
1878,Filsiixlbflt,4975,1,10
1879,Jiiltnixlbfic,4979,-2,10
1880,Vlinixrlt,4980,2,10
1881,Vseixlbf,4980,2,10
1882,Ilunciiclize,4981,-2,9
1883,Ilunciicllll,4982,-2,9
1884,Filsiiillbfls,4982,1,10
1885,Fllsiiillbfis,4982,1,10
1886,Gknixlbfx,4983,0,10
1887,Gkniilibfo,4983,0,10
1888,Ilzriittcllilk,4984,-2,9
1889,Ilzriithfrxi,4984,-2,9
1890,Jiiilsiiilibfn,4984,-2,10
1891,Pricllilrhif,4985,-1,9
1892,Fltnixlbfi,4985,1,10
1893,Cilsiixlbfi,4986,0,10
1894,Ilzrinlklrxi,4987,-2,9
1895,Priclliltnif,4988,-1,9
1896,Vliniilibf,4988,2,10
1897,Jiiltniillbfo,4992,-2,10
1898,Vseixlbfis,4992,2,10
1899,Ilzriitholuf,4993,-2,9
1900,Ixlnciicllilw,4995,-1,9
1901,Jiiilsiiilibfi,4996,-2,10
1902,Ilzriitholxs,4997,-2,9
1903,Ilzriittcllilr,4997,-2,9
1904,Fltnixlbflt,4997,1,10
1905,Cilsiixlbflt,4998,0,10
1906,Vlinixrtum,4999,2,10
1907,Vlinixrtur,4999,2,10
1908,Vlinixrtun,4999,2,10
1909,Vliniilibfis,5000,2,10
1910,Lsicllilrhrv,5003,-2,9
1911,Ixlncntnif,5004,-1,9
1912,Fltniillbfls,5004,1,10
1913,Cilsiiillbfls,5005,0,10
1914,Piliciicloln,5005,2,9
1915,Piliciiclolb,5005,2,9
1916,Piiiciiclo,5005,2,9
1917,Piliciiclolm,5005,2,9
1918,Piliciiclolr,5005,2,9
1919,Jiiltniilibfn,5006,-2,10
1920,Ixlnciiclolh,5006,-1,9
1921,Ixlnciiclolk,5006,-1,9
1922,Ilzriillilrhrv,5008,-2,9
1923,Jiiilsiiilibflt,5008,-2,10
1924,Jiillsiiilibfo,5008,-2,10
1925,Jiillsiixlbfx,5008,-2,10
1926,Piliciicllilf,5009,2,9
1927,Ilunciiclois,5011,-2,9
1928,Vlihixlbf,5012,2,10
1929,Iluncixolxi,5013,-2,9
1930,Ilzriittcllio,5014,-2,9
1931,Jiiilsiilsxlfw,5017,-2,10
1932,Ilzriithulxi,5018,-2,9
1933,Lsicllilrilxi,5018,-2,9
1934,Jiiltniilibfi,5018,-2,10
1935,Ixlnciicloir,5018,-1,9
1936,Ixlnciicloin,5018,-1,9
1937,Ixlnciicloim,5018,-1,9
1938,Gknixlbfiz,5019,0,10
1939,Lsicllilrhiz,5020,-2,9
1940,Fcliciiclo,5020,0,9
1941,Fllsiiilibfls,5020,1,10
1942,Piliciicllili,5022,2,9
1943,Vllnixlbfls,5022,2,10
1944,Ilzriillilrilxi,5023,-2,9
1945,Ixlnciiclliln,5023,-1,9
1946,Filsiixlbfx,5023,1,10
1947,Filsiiilibfo,5023,1,10
1948,Vlihixlbfis,5024,2,10
1949,Ilzriillilrhiz,5025,-2,9
1950,Vlinixlbun,5029,2,10
1951,Vlinixlbum,5029,2,10
1952,Vlinixlbur,5029,2,10
1953,Jiiltniilibflt,5030,-2,10
1954,Gknixlbfl,5031,0,10
1955,Jiiilsiixlbfit,5032,-2,10
1956,Pilicixolxw,5032,2,9
1957,Jiiilsiixlbfk,5033,-2,10
1958,Pricllilrhi,5036,-1,9
1959,Pixciiclo,5036,2,9
1960,Jiiilsiixlblfw,5037,-2,10
1961,Jiiltnilsxlfw,5039,-2,10
1962,Priclliltni,5039,-1,9
1963,Gknixlbfic,5040,0,10
1964,Piiiciicllilw,5042,2,9
1965,Jiillsiixlbfiz,5044,-2,10
1966,Fltnixlbfx,5045,1,10
1967,Fltniilibfo,5045,1,10
1968,Cilsiixlbfx,5046,0,10
1969,Cilsiiilibfo,5046,0,10
1970,Vllnixrlt,5050,2,10
1971,Vlinilsxum,5052,2,10
1972,Vlinilsxur,5052,2,10
1973,Vlinilsxun,5052,2,10
1974,Gkniillbfo,5053,0,10
1975,Piiiciiclolh,5053,2,9
1976,Pilicicolxw,5053,2,9
1977,Piiiciiclolk,5053,2,9
1978,Jiiilsiiillbfn,5054,-2,10
1979,Jiiltnixlbfit,5054,-2,10
1980,Ixlnciicloii,5054,-1,9
1981,Jiiltnixlbfk,5055,-2,10
1982,Ixlncntni,5055,-1,9
1983,Piliciiclco,5055,2,9
1984,Jiiilsiixlbflz,5056,-2,10
1985,Jiillsiixlbfl,5056,-2,10
1986,Jiiilsiiilibfx,5056,-2,10
1987,Fcliciicllilw,5057,0,9
1988,Vliniillbf,5058,2,10
1989,Vllniilibf,5058,2,10
1990,Jiiltnixlblfw,5059,-2,10
1991,Filsiixlbfiz,5059,1,10
1992,Fllsiixlbfn,5059,1,10
1993,Fricllilrhif,5062,0,9
1994,Elnciiclo,5063,0,9
1995,Vlinixlbfo,5063,2,10
1996,Jiiilsiixlbflc,5065,-2,10
1997,Jiillsiixlbfic,5065,-2,10
1998,Friclliltnif,5065,0,9
1999,Piiiciicloin,5065,2,9
2000,Piiiciicloir,5065,2,9
2001,Piiiciicloim,5065,2,9
2002,Jiiilsiiillbfi,5066,-2,10
2003,Gkniilibfn,5067,0,10
2004,Fcliciiclolk,5068,0,9
2005,Fcliciiclolh,5068,0,9
2006,Fitnixlbfo,5069,1,10
2007,Flthixlbfo,5069,1,10
2008,Piiiciiclliln,5070,2,9
2009,Vllniilibfis,5070,2,10
2010,Vliniillbfis,5070,2,10
2011,Filsiixlbfl,5071,1,10
2012,Fllsiixlbfi,5071,1,10
2013,Piliciicllllw,5072,2,9
2014,Pixciicllilw,5073,2,9
2015,Jiiltniillbfn,5076,-2,10
2016,Gkniilibfi,5079,0,10
2017,Fcliciicloim,5080,0,9
2018,Fcliciicloir,5080,0,9
2019,Fcliciicloin,5080,0,9
2020,Filsiixlbfic,5080,1,10
2021,Fltnixlbfiz,5081,1,10
2022,Cilsiixlbfiz,5082,0,10
2023,Vllhixlbf,5082,2,10
2024,Ixlnciicliz,5083,-1,9
2025,Fllsiixlbflt,5083,1,10
2026,Pixciiclolk,5084,2,9
2027,Pixciiclolh,5084,2,9
2028,Vlinlxlbf,5084,2,10
2029,Fcliciiclliln,5085,0,9
2030,Fllsiiillbfls,5090,1,10
2031,Gkniilibflt,5091,0,10
2032,Filsiiillbfo,5093,1,10
2033,Fltnixlbfl,5093,1,10
2034,Cilsiixlbfl,5094,0,10
2035,Vllhixlbfis,5094,2,10
2036,Pixciicloim,5096,2,9
2037,Pixciicloin,5096,2,9
2038,Pixciicloir,5096,2,9
2039,Vlinlxlbfis,5096,2,10
2040,Vllnixlbun,5099,2,10
2041,Vllnixlbur,5099,2,10
2042,Vllnixlbum,5099,2,10
2043,Elnciicllilw,5100,0,9
2044,Gknilsxlfw,5100,0,10
2045,Piliciiclllln,5100,2,9
2046,Vseixlbfls,5100,2,10
2047,Piliciicloli,5101,2,9
2048,Piiiciicloii,5101,2,9
2049,Pixciiclliln,5101,2,9
2050,Fltnixlbfic,5102,1,10
2051,Cilsiixlbfic,5103,0,10
2052,Piliciicllz,5106,2,9
2053,Filsiiilibfn,5107,1,10
2054,Vliniilibfls,5108,2,10
2055,Elnciiclolh,5111,0,9
2056,Elnciiclolk,5111,0,9
2057,Fricllilrhi,5113,0,9
2058,Piliciicllill,5113,2,9
2059,Piliciicxz,5114,2,9
2060,Gknixlbfit,5115,0,10
2061,Fltniillbfo,5115,1,10
2062,Friclliltni,5116,0,9
2063,Fcliciicloii,5116,0,9
2064,Gknixlbfk,5116,0,10
2065,Cilsiiillbfo,5116,0,10
2066,Filsiiilibfi,5119,1,10
2067,Gknixlblfw,5120,0,10
2068,Vllnilsxun,5122,2,10
2069,Vllnilsxum,5122,2,10
2070,Vllnilsxur,5122,2,10
2071,Elnciicloir,5123,0,9
2072,Elnciicloin,5123,0,9
2073,Elnciicloim,5123,0,9
2074,Ixlnciicllil,5124,-1,9
2075,Elnciiclliln,5128,0,9
2076,Vllniillbf,5128,2,10
2077,Vseixrlt,5128,2,10
2078,Fltniilibfn,5129,1,10
2079,Piliciicllilk,5129,2,9
2080,Cilsiiilibfn,5130,0,10
2081,Piiiciicliz,5130,2,9
2082,Fllsiixlbfx,5131,1,10
2083,Filsiiilibflt,5131,1,10
2084,Fllsiiilibfo,5131,1,10
2085,Pixciicloii,5132,2,9
2086,Vlihixlbfls,5132,2,10
2087,Vllnixlbfo,5133,2,10
2088,Vseiilibf,5136,2,10
2089,Gkniillbfn,5137,0,10
2090,Gkniilibfx,5139,0,10
2091,Gknixlbflz,5139,0,10
2092,Filsiilsxlfw,5140,1,10
2093,Vllniillbfis,5140,2,10
2094,Fltniilibfi,5141,1,10
2095,Ixlnciiclli,5142,-1,9
2096,Cilsiiilibfi,5142,0,10
2097,Piliciicllilr,5142,2,9
2098,Fcliciicliz,5145,0,9
2099,Vlinixlbfn,5147,2,10
2100,Gknixlbflc,5148,0,10
2101,Vseiilibfis,5148,2,10
2102,Gkniillbfi,5149,0,10
2103,Fltniilibflt,5153,1,10
2104,Flthixlbfn,5153,1,10
2105,Fitnixlbfn,5153,1,10
2106,Cilsiiilibflt,5154,0,10
2107,Filsiixlbfit,5155,1,10
2108,Filsiixlbfk,5156,1,10
2109,Elnciicloii,5159,0,9
2110,Piliciicllio,5159,2,9
2111,Vlinixlbfi,5159,2,10
2112,Filsiixlblfw,5160,1,10
2113,Gkniillbflt,5161,0,10
2114,Pixciicliz,5161,2,9
2115,Gknilsxku,5162,0,10
2116,Fltnilsxlfw,5162,1,10
2117,Cilsiilsxlfw,5163,0,10
2118,Fitnixlbfi,5165,1,10
2119,Flthixlbfi,5165,1,10
2120,Vlihiilibf,5168,2,10
2121,Gknilsxlfu,5169,0,10
2122,Piiiciicllil,5171,2,9
2123,Vlinixlbflt,5171,2,10
2124,Piliciicllilm,5173,2,9
2125,Gknixrtuk,5174,0,10
2126,Gknixrtuh,5174,0,10
2127,Gkniilibfiz,5175,0,10
2128,Vlinilsxi,5176,2,10
2129,Ixlnciicloln,5177,-1,9
2130,Ixlnciiclolr,5177,-1,9
2131,Ixlnciiclolm,5177,-1,9
2132,Ixlnciiclolb,5177,-1,9
2133,Gknixlltad,5177,0,10
2134,Gknixlbfid,5177,0,10
2135,Gknixlbfio,5177,0,10
2136,Cilsiixlbfit,5178,0,10
2137,Vllniilibfls,5178,2,10
2138,Vliniillbfls,5178,2,10
2139,Cilsiixlbfk,5179,0,10
2140,Piliciicllilh,5180,2,9
2141,Vlihiilibfis,5180,2,10
2142,Ixlnciicllilf,5181,-1,9
2143,Gknixlbku,5182,0,10
2144,Cilsiixlblfw,5183,0,10
2145,Gknixrltrt,5184,0,10
2146,Gknixrltrf,5184,0,10
2147,Fcliciicllil,5186,0,9
2148,Gkniilibfl,5187,0,10
2149,Elnciicliz,5188,0,9
2150,Gknixlblfu,5189,0,10
2151,Gknixlltfd,5190,0,10
2152,Ixlnciicllili,5194,-1,9
2153,Gkniilibfic,5196,0,10
2154,Vlinixlbi,5196,2,10
2155,Gkniiitilad,5198,0,10
2156,Cilsiiillbfn,5200,0,10
2157,Piliciiclize,5200,2,9
2158,Piliciicllll,5201,2,9
2159,Cilsiiilibfx,5202,0,10
2160,Pixciicllil,5202,2,9
2161,Vllhixlbfls,5202,2,10
2162,Vlinilsxf,5202,2,10
2163,Ixlncixolxw,5204,-1,9
2164,Fcliciiclli,5204,0,9
2165,Vlinlxlbfls,5204,2,10
2166,Piliciiclfcu,5205,2,9
2167,Priittcllilw,5208,2,9
2168,Vseixlbfo,5211,2,10
2169,Vlinilsxfis,5214,2,10
2170,Vllnixlbfn,5217,2,10
2171,Vliniilibfo,5219,2,10
2172,Vlinixlbfx,5219,2,10
2173,Piiiciiclolb,5224,2,9
2174,Piliciiclllrw,5224,2,9
2175,Piiiciicloln,5224,2,9
2176,Piiiciiclolr,5224,2,9
2177,Piiiciiclolm,5224,2,9
2178,Ixlncicolxw,5225,-1,9
2179,Ixlnciiclco,5227,-1,9
2180,Piiiciicllilf,5228,2,9
2181,Elnciicllil,5229,0,9
2182,Vllnixlbfi,5229,2,10
2183,Piliciiclois,5230,2,9
2184,Piliciiclfce,5231,2,9
2185,Ixlriciicllilw,5232,-1,9
2186,Pilicixolxi,5232,2,9
2187,Priittclliln,5236,2,9
2188,Pricllilrhrw,5238,-1,9
2189,Fcliciicloln,5239,0,9
2190,Fcliciiclolm,5239,0,9
2191,Fcliciiclolr,5239,0,9
2192,Fcliciiclolb,5239,0,9
2193,Priclliltnrw,5241,-1,9
2194,Piiiciicllili,5241,2,9
2195,Vllnixlbflt,5241,2,10
2196,Fcliciicllilf,5243,0,9
2197,Vlihixlbfo,5243,2,10
2198,Ixlnciicllllw,5244,-1,9
2199,Vllniillbfls,5248,2,10
2200,Pilicicolxi,5253,2,9
2201,Pixciiclolr,5255,2,9
2202,Pixciiclolb,5255,2,9
2203,Pixciiclolm,5255,2,9
2204,Pixciicloln,5255,2,9
2205,Piliciicllila,5255,2,9
2206,Vlinixlbfiz,5255,2,10
2207,Fcliciicllili,5256,0,9
2208,Vseiilibfls,5256,2,10
2209,Ixlncntnrw,5257,-1,9
2210,Piliciicllllf,5258,2,9
2211,Pixciicllilf,5259,2,9
2212,Ixlriciiclliln,5260,-1,9
2213,Piliciicllix,5260,2,9
2214,Piliciicllifs,5264,2,9
2215,Fclicixolxw,5266,0,9
2216,Piliciiclizc,5267,2,9
2217,Vlinixlbfl,5267,2,10
2218,Piliciiclllli,5271,2,9
2219,Ixlnciiclllln,5272,-1,9
2220,Pixciicllili,5272,2,9
2221,Ixlnciicloli,5273,-1,9
2222,Piiiciiclco,5274,2,9
2223,Vlinixlbfic,5276,2,10
2224,Ixlnciicllz,5278,-1,9
2225,Pilicixoluf,5281,2,9
2226,Elnciiclolb,5282,0,9
2227,Elnciiclolr,5282,0,9
2228,Elnciiclolm,5282,0,9
2229,Elnciicloln,5282,0,9
2230,Ixlnciicllill,5285,-1,9
2231,Pilicixolxs,5285,2,9
2232,Ixlnciicxz,5286,-1,9
2233,Elnciicllilf,5286,0,9
2234,Fclicicolxw,5287,0,9
2235,Piliciiclllr,5287,2,9
2236,Vlihiilibfls,5288,2,10
2237,Fcliciiclco,5289,0,9
2238,Vllnixlbfx,5289,2,10
2239,Vllniilibfo,5289,2,10
2240,Vliniillbfo,5289,2,10
2241,Piiiciicllllw,5291,2,9
2242,Piliciiclfco,5294,2,9
2243,Piliciiclfcc,5294,2,9
2244,Vseixlbfn,5295,2,10
2245,Priittcliz,5296,2,9
2246,Elnciicllili,5299,0,9
2247,Ixlnciicllilk,5301,-1,9
2248,Pricllilrhr,5301,-1,9
2249,Pilicicoluf,5302,2,9
2250,Vliniilibfn,5303,2,10
2251,Priclliltnr,5304,-1,9
2252,Pixciiclco,5305,2,9
2253,Fcliciicllllw,5306,0,9
2254,Pilicicolxs,5306,2,9
2255,Vseixlbfi,5307,2,10
2256,Piliciiclolt,5308,2,9
2257,Elncixolxw,5309,0,9
2258,Vllhixlbfo,5313,2,10
2259,Ixlnciicllilr,5314,-1,9
2260,Fricllilrhrw,5315,0,9
2261,Vliniilibfi,5315,2,10
2262,Vlinlxlbfo,5315,2,10
2263,Piliciiclfc,5317,2,9
2264,Pricllilrhib,5318,-1,9
2265,Friclliltnrw,5318,0,9
2266,Piliciicliilw,5318,2,9
2267,Piiiciiclllln,5319,2,9
2268,Vseixlbflt,5319,2,10
2269,Ixlriciicliz,5320,-1,9
2270,Ixlncntnr,5320,-1,9
2271,Piiiciicloli,5320,2,9
2272,Priclliltnib,5321,-1,9
2273,Pixciicllllw,5322,2,9
2274,Vlinilsxfls,5322,2,10
2275,Piiiciicllz,5325,2,9
2276,Vllnixlbfiz,5325,2,10
2277,Vlihixlbfn,5327,2,10
2278,Vliniilibflt,5327,2,10
2279,Elncicolxw,5330,0,9
2280,Ixlnciicllio,5331,-1,9
2281,Pricllilrilxw,5332,-1,9
2282,Elnciiclco,5332,0,9
2283,Fcliciiclllln,5334,0,9
2284,Fcliciicloli,5335,0,9
2285,Vlinilsxlfw,5336,2,10
2286,Ixlncntnib,5337,-1,9
2287,Vllnixlbfl,5337,2,10
2288,Vlihixlbfi,5339,2,10
2289,Fcliciicllz,5340,0,9
2290,Ixlnciicllilm,5345,-1,9
2291,Vllnixlbfic,5346,2,10
2292,Fcliciicllill,5347,0,9
2293,Fcliciicxz,5348,0,9
2294,Elnciicllllw,5349,0,9
2295,Vlinixlbfit,5351,2,10
2296,Vlihixlbflt,5351,2,10
2297,Ixlnciicllilh,5352,-1,9
2298,Vlinixlbfk,5352,2,10
2299,Vlinixlblfw,5356,2,10
2300,Vllniillbfo,5359,2,10
2301,Ixlriciicllil,5361,-1,9
2302,Fcliciicllilk,5363,0,9
2303,Vseiilibfo,5367,2,10
2304,Vseixlbfx,5367,2,10
2305,Ixlnciiclize,5372,-1,9
2306,Ixlnciicllll,5373,-1,9
2307,Vllniilibfn,5373,2,10
2308,Vliniillbfn,5373,2,10
2309,Fcliciicllilr,5376,0,9
2310,Ixlnciiclfcu,5377,-1,9
2311,Elnciiclllln,5377,0,9
2312,Elnciicloli,5378,0,9
2313,Fricllilrhr,5378,0,9
2314,Friclliltnr,5381,0,9
2315,Elnciicllz,5383,0,9
2316,Elnciicllill,5390,0,9
2317,Elnciicxz,5391,0,9
2318,Fcliciicllio,5393,0,9
2319,Fricllilrhib,5395,0,9
2320,Ixlnciiclllrw,5396,-1,9
2321,Friclliltnib,5398,0,9
2322,Ixlnciiclois,5402,-1,9
2323,Ixlnciiclfce,5403,-1,9
2324,Joicllilrhif,5403,1,9
2325,Ixlncixolxi,5404,-1,9
2326,Ixlncilcllilw,5406,-1,9
2327,Elnciicllilk,5406,0,9
2328,Joiclliltnif,5406,1,9
2329,Fcliciicllilm,5407,0,9
2330,Fcliciicllilh,5414,0,9
2331,Ixlriciicllilf,5418,-1,9
2332,Elnciicllilr,5419,0,9
2333,Zlicllilrhif,5419,1,9
2334,Zliclliltnif,5422,1,9
2335,Ixlncicolxi,5425,-1,9
2336,Ixlnciicllila,5427,-1,9
2337,Ixlnciicllllf,5430,-1,9
2338,Ixlnciicililw,5430,-1,9
2339,Ixlriciicllili,5431,-1,9
2340,Ixlnciicllix,5432,-1,9
2341,Ixlncilclliln,5434,-1,9
2342,Fcliciiclize,5434,0,9
2343,Fcliciicllll,5435,0,9
2344,Ixlnciicllifs,5436,-1,9
2345,Elnciicllio,5436,0,9
2346,Ixlnciiclizc,5439,-1,9
2347,Fcliciiclfcu,5439,0,9
2348,Ixlnciiclllli,5443,-1,9
2349,Elnciicllilm,5450,0,9
2350,Ixlncixoluf,5453,-1,9
2351,Joicllilrhi,5454,1,9
2352,Ixlncixolxs,5457,-1,9
2353,Elnciicllilh,5457,0,9
2354,Joiclliltni,5457,1,9
2355,Ixlnciicililn,5458,-1,9
2356,Fcliciiclllrw,5458,0,9
2357,Ixlnciiclllr,5459,-1,9
2358,Ixlriciiclco,5464,-1,9
2359,Fcliciiclois,5464,0,9
2360,Fcliciiclfce,5465,0,9
2361,Pricllilrhrf,5466,-1,9
2362,Ixlnciiclfco,5466,-1,9
2363,Ixlnciiclfcc,5466,-1,9
2364,Fclicixolxi,5466,0,9
2365,Priclliltnrf,5469,-1,9
2366,Zlicllilrhi,5470,1,9
2367,Zliclliltni,5473,1,9
2368,Ixlncicoluf,5474,-1,9
2369,Elnciiclize,5477,0,9
2370,Ixlncicolxs,5478,-1,9
2371,Elnciicllll,5478,0,9
2372,Ixlnciiclolt,5480,-1,9
2373,Elnciiclfcu,5482,0,9
2374,Ixlncntnrf,5485,-1,9
2375,Fclicicolxi,5487,0,9
2376,Ixlnciiclfc,5489,-1,9
2377,Fcliciicllila,5489,0,9
2378,Fcliciicllllf,5492,0,9
2379,Fcliciicllix,5494,0,9
2380,Fcliciicllifs,5498,0,9
2381,Fcliciiclizc,5501,0,9
2382,Fcliciiclllli,5505,0,9
2383,Elnciiclois,5507,0,9
2384,Ixlnciicllilb,5508,-1,9
2385,Elnciiclfce,5508,0,9
2386,Elncixolxi,5509,0,9
2387,Fclicixoluf,5515,0,9
2388,Pricllilrhrv,5517,-1,9
2389,Fclicixolxs,5519,0,9
2390,Priclliltnrv,5520,-1,9
2391,Fcliciiclllr,5521,0,9
2392,Ixlriciicllill,5522,-1,9
2393,Fcliciiclfco,5528,0,9
2394,Fcliciiclfcc,5528,0,9
2395,Elncicolxi,5530,0,9
2396,Pricllilrilxi,5532,-1,9
2397,Elnciicllila,5532,0,9
2398,Ixlnciiclllll,5534,-1,9
2399,Pricllilrhiz,5534,-1,9
2400,Ixlncilcllil,5535,-1,9
2401,Ixlnciiclfcd,5535,-1,9
2402,Ixlnciiclizr,5535,-1,9
2403,Ixlncntnrv,5536,-1,9
2404,Priclliltniz,5537,-1,9
2405,Ixlnciiclfcw,5538,-1,9
2406,Ixlriciicllilk,5538,-1,9
2407,Ixlnciiclwo,5542,-1,9
2408,Joicllilrhrw,5656,1,9
2409,Joiclliltnrw,5659,1,9
2410,Zlicllilrhrw,5672,1,9
2411,Zliclliltnrw,5675,1,9
2412,Jznciiclo,5676,1,9
2413,Jznciicllilw,5713,1,9
2414,Joicllilrhr,5719,1,9
2415,Joiclliltnr,5722,1,9
2416,Jznciiclolk,5724,1,9
2417,Jznciiclolh,5724,1,9
2418,Zlicllilrhr,5735,1,9
2419,Jznciicloin,5736,1,9
2420,Jznciicloim,5736,1,9
2421,Joicllilrhib,5736,1,9
2422,Jznciicloir,5736,1,9
2423,Zliclliltnr,5738,1,9
2424,Joiclliltnib,5739,1,9
2425,Jznciiclliln,5741,1,9
2426,Joicllilrilxw,5750,1,9
2427,Zlicllilrhib,5752,1,9
2428,Zliclliltnib,5755,1,9
2429,Zlicllilrilxw,5766,1,9
2430,Jznciicloii,5772,1,9
2431,Joicllililrxw,5792,1,9
2432,Joiclrxclxw,5795,1,9
2433,Jznciicliz,5801,1,9
2434,Zlicllililrxw,5808,1,9
2435,Zliclrxclxw,5811,1,9
2436,Joicllilnlxw,5819,1,9
2437,Zlicllilnlxw,5835,1,9
2438,Jznciicllil,5842,1,9
2439,Izriittcllilw,5859,1,9
2440,Joicllilrhrf,5884,1,9
2441,Izriittclliln,5887,1,9
2442,Joiclliltnrf,5887,1,9
2443,Jznciicloln,5895,1,9
2444,Jznciiclolb,5895,1,9
2445,Jznciiclolr,5895,1,9
2446,Jznciiclolm,5895,1,9
2447,Jznciicllilf,5899,1,9
2448,Zlicllilrhrf,5900,1,9
2449,Zliclliltnrf,5903,1,9
2450,Jznciicllili,5912,1,9
2451,Joicllilrhrv,5935,1,9
2452,Joiclliltnrv,5938,1,9
2453,Jznciiclco,5945,1,9
2454,Izriittcliz,5947,1,9
2455,Joicllilrilxi,5950,1,9
2456,Zlicllilrhrv,5951,1,9
2457,Joicllilrhiz,5952,1,9
2458,Zliclliltnrv,5954,1,9
2459,Joiclliltniz,5955,1,9
2460,Jznciicllllw,5962,1,9
2461,Zlicllilrilxi,5966,1,9
2462,Zlicllilrhiz,5968,1,9
2463,Zliclliltniz,5971,1,9
2464,Izriittcllil,5988,1,9
2465,Jznciiclllln,5990,1,9
2466,Jznciicloli,5991,1,9
2467,Joicllililrxi,5992,1,9
2468,Joicllilrhn,5992,1,9
2469,Joiclrxclxi,5995,1,9
2470,Joiclliltnn,5995,1,9
2471,Jznciicllz,5996,1,9
2472,Joicllilriluf,5999,1,9
2473,Joicllilrilxs,6003,1,9
2474,Jznciicllill,6003,1,9
2475,Jznciicxz,6004,1,9
2476,Joicllilrhid,6006,1,9
2477,Zlicllililrxi,6008,1,9
2478,Zlicllilrhn,6008,1,9
2479,Joiclliltnid,6009,1,9
2480,Zliclrxclxi,6011,1,9
2481,Zliclliltnn,6011,1,9
2482,Zlicllilriluf,6015,1,9
2483,Zlicllilrilxs,6019,1,9
2484,Joicllilnlxi,6019,1,9
2485,Jznciicllilk,6019,1,9
2486,Zlicllilrhid,6022,1,9
2487,Zliclliltnid,6025,1,9
2488,Joicllilrhiv,6030,1,9
2489,Jznciicllilr,6032,1,9
2490,Joiclliltniv,6033,1,9
2491,Zlicllilnlxi,6035,1,9
2492,Izriittcllilf,6045,1,9
2493,Joicllililrxs,6045,1,9
2494,Zlicllilrhiv,6046,1,9
2495,Joiclrxclxs,6048,1,9
2496,Zliclliltniv,6049,1,9
2497,Izriittcllili,6058,1,9
2498,Zlicllililrxs,6061,1,9
2499,Jznciicllilm,6063,1,9
